{
  "channel_0": {
    "x": 1671.2511491302942,
    "y": -2650.0000000000005,
    "z": -5331.493105218235,
    "axial": -15.0,
    "lateral": -32.0,
    "brain_region_id": 381,
    "brain_region": "SNr"
  },
  "channel_1": {
    "x": 1673.743974008174,
    "y": -2650.0000000000005,
    "z": -5316.536155950956,
    "axial": 0.0,
    "lateral": -32.0,
    "brain_region_id": 381,
    "brain_region": "SNr"
  },
  "channel_2": {
    "x": 1676.2367988860176,
    "y": -2650.0000000000005,
    "z": -5301.579206683895,
    "axial": 15.0,
    "lateral": -32.0,
    "brain_region_id": 381,
    "brain_region": "SNr"
  },
  "channel_3": {
    "x": 1678.7296237638245,
    "y": -2650.0000000000005,
    "z": -5286.622257417052,
    "axial": 30.0,
    "lateral": -32.0,
    "brain_region_id": 381,
    "brain_region": "SNr"
  },
  "channel_4": {
    "x": 1681.2224486417044,
    "y": -2650.0000000000005,
    "z": -5271.6653081497725,
    "axial": 45.0,
    "lateral": -32.0,
    "brain_region_id": 381,
    "brain_region": "SNr"
  },
  "channel_5": {
    "x": 1683.7152735195114,
    "y": -2650.0000000000005,
    "z": -5256.708358882931,
    "axial": 60.0,
    "lateral": -32.0,
    "brain_region_id": 381,
    "brain_region": "SNr"
  },
  "channel_6": {
    "x": 1686.400285259574,
    "y": -2650.0000000000005,
    "z": -5241.799144221277,
    "axial": 75.0,
    "lateral": -32.0,
    "brain_region_id": 381,
    "brain_region": "SNr"
  },
  "channel_7": {
    "x": 1691.195329651955,
    "y": -2650.0000000000005,
    "z": -5227.414011044135,
    "axial": 90.0,
    "lateral": -32.0,
    "brain_region_id": 381,
    "brain_region": "SNr"
  },
  "channel_8": {
    "x": 1695.9903740443358,
    "y": -2650.0000000000005,
    "z": -5213.028877866993,
    "axial": 105.0,
    "lateral": -32.0,
    "brain_region_id": 381,
    "brain_region": "SNr"
  },
  "channel_9": {
    "x": 1700.7854184367168,
    "y": -2650.0000000000005,
    "z": -5198.64374468985,
    "axial": 120.0,
    "lateral": -32.0,
    "brain_region_id": 381,
    "brain_region": "SNr"
  },
  "channel_10": {
    "x": 1705.5804628290975,
    "y": -2650.0000000000005,
    "z": -5184.258611512708,
    "axial": 135.0,
    "lateral": -32.0,
    "brain_region_id": 381,
    "brain_region": "SNr"
  },
  "channel_11": {
    "x": 1710.3755072214783,
    "y": -2650.0000000000005,
    "z": -5169.873478335565,
    "axial": 150.0,
    "lateral": -32.0,
    "brain_region_id": 381,
    "brain_region": "SNr"
  },
  "channel_12": {
    "x": 1710.9999999999998,
    "y": -2650.0000000000005,
    "z": -5154.811557800914,
    "axial": 165.0,
    "lateral": -32.0,
    "brain_region_id": 381,
    "brain_region": "SNr"
  },
  "channel_13": {
    "x": 1710.9999999999998,
    "y": -2650.0000000000005,
    "z": -5139.648296039372,
    "axial": 180.0,
    "lateral": -32.0,
    "brain_region_id": 381,
    "brain_region": "SNr"
  },
  "channel_14": {
    "x": 1710.9999999999998,
    "y": -2650.0000000000005,
    "z": -5124.485034278053,
    "axial": 195.0,
    "lateral": -32.0,
    "brain_region_id": 381,
    "brain_region": "SNr"
  },
  "channel_15": {
    "x": 1714.8810213155566,
    "y": -2650.0000000000005,
    "z": -5110.237957368886,
    "axial": 210.0,
    "lateral": -32.0,
    "brain_region_id": 381,
    "brain_region": "SNr"
  },
  "channel_16": {
    "x": 1721.6622381273435,
    "y": -2650.0000000000005,
    "z": -5096.675523745312,
    "axial": 225.0,
    "lateral": -32.0,
    "brain_region_id": 381,
    "brain_region": "SNr"
  },
  "channel_17": {
    "x": 1728.4434549393286,
    "y": -2650.0000000000005,
    "z": -5083.113090121341,
    "axial": 240.0,
    "lateral": -32.0,
    "brain_region_id": 381,
    "brain_region": "SNr"
  },
  "channel_18": {
    "x": 1735.2246717511155,
    "y": -2650.0000000000005,
    "z": -5069.550656497769,
    "axial": 255.0,
    "lateral": -32.0,
    "brain_region_id": 381,
    "brain_region": "SNr"
  },
  "channel_19": {
    "x": 1735.9999999999998,
    "y": -2650.0000000000005,
    "z": -5054.570424907839,
    "axial": 270.0,
    "lateral": -32.0,
    "brain_region_id": 381,
    "brain_region": "SNr"
  },
  "channel_20": {
    "x": 1735.9999999999998,
    "y": -2650.0000000000005,
    "z": -5039.407163146076,
    "axial": 285.0,
    "lateral": -32.0,
    "brain_region_id": 381,
    "brain_region": "SNr"
  },
  "channel_21": {
    "x": 1735.9999999999998,
    "y": -2650.0000000000005,
    "z": -5024.243901384756,
    "axial": 300.0,
    "lateral": -32.0,
    "brain_region_id": 381,
    "brain_region": "SNr"
  },
  "channel_22": {
    "x": 1735.9999999999998,
    "y": -2650.0000000000005,
    "z": -5009.080639623215,
    "axial": 315.0,
    "lateral": -32.0,
    "brain_region_id": 381,
    "brain_region": "SNr"
  },
  "channel_23": {
    "x": 1735.9999999999998,
    "y": -2650.0000000000005,
    "z": -4993.917377861673,
    "axial": 330.0,
    "lateral": -32.0,
    "brain_region_id": 381,
    "brain_region": "SNr"
  },
  "channel_24": {
    "x": 1735.9999999999998,
    "y": -2650.0000000000005,
    "z": -4978.754116100132,
    "axial": 345.0,
    "lateral": -32.0,
    "brain_region_id": 381,
    "brain_region": "SNr"
  },
  "channel_25": {
    "x": 1735.9999999999998,
    "y": -2650.0000000000005,
    "z": -4963.590854338589,
    "axial": 360.0,
    "lateral": -32.0,
    "brain_region_id": 381,
    "brain_region": "SNr"
  },
  "channel_26": {
    "x": 1735.9999999999998,
    "y": -2650.0000000000005,
    "z": -4948.427592577048,
    "axial": 375.0,
    "lateral": -32.0,
    "brain_region_id": 381,
    "brain_region": "SNr"
  },
  "channel_27": {
    "x": 1735.9999999999998,
    "y": -2650.0000000000005,
    "z": -4933.2643308157285,
    "axial": 390.0,
    "lateral": -32.0,
    "brain_region_id": 381,
    "brain_region": "SNr"
  },
  "channel_28": {
    "x": 1735.9999999999998,
    "y": -2650.0000000000005,
    "z": -4918.101069053965,
    "axial": 405.0,
    "lateral": -32.0,
    "brain_region_id": 381,
    "brain_region": "SNr"
  },
  "channel_29": {
    "x": 1735.9999999999998,
    "y": -2643.263982643132,
    "z": -4904.527965286263,
    "axial": 420.0,
    "lateral": -32.0,
    "brain_region_id": 381,
    "brain_region": "SNr"
  },
  "channel_30": {
    "x": 1735.9999999999998,
    "y": -2636.4827658313448,
    "z": -4890.9655316626895,
    "axial": 435.0,
    "lateral": -32.0,
    "brain_region_id": 381,
    "brain_region": "SNr"
  },
  "channel_31": {
    "x": 1735.9999999999998,
    "y": -2629.7015490193594,
    "z": -4877.403098038719,
    "axial": 450.0,
    "lateral": -32.0,
    "brain_region_id": 381,
    "brain_region": "SNr"
  },
  "channel_32": {
    "x": 1737.1278582158045,
    "y": -2624.9999999999995,
    "z": -4863.48856713678,
    "axial": 465.0,
    "lateral": -32.0,
    "brain_region_id": 381,
    "brain_region": "SNr"
  },
  "channel_33": {
    "x": 1740.8054893847836,
    "y": -2624.9999999999995,
    "z": -4848.7780424608645,
    "axial": 480.0,
    "lateral": -32.0,
    "brain_region_id": 381,
    "brain_region": "SNr"
  },
  "channel_34": {
    "x": 1744.483120553655,
    "y": -2624.9999999999995,
    "z": -4834.06751778538,
    "axial": 495.0,
    "lateral": -32.0,
    "brain_region_id": 381,
    "brain_region": "SNr"
  },
  "channel_35": {
    "x": 1748.16075172258,
    "y": -2624.9999999999995,
    "z": -4819.35699310968,
    "axial": 510.0,
    "lateral": -32.0,
    "brain_region_id": 381,
    "brain_region": "SNr"
  },
  "channel_36": {
    "x": 1751.838382891559,
    "y": -2624.9999999999995,
    "z": -4804.646468433765,
    "axial": 525.0,
    "lateral": -32.0,
    "brain_region_id": 381,
    "brain_region": "SNr"
  },
  "channel_37": {
    "x": 1755.5160140604303,
    "y": -2624.9999999999995,
    "z": -4789.93594375828,
    "axial": 540.0,
    "lateral": -32.0,
    "brain_region_id": 381,
    "brain_region": "SNr"
  },
  "channel_38": {
    "x": 1759.1936452293553,
    "y": -2624.9999999999995,
    "z": -4775.22541908258,
    "axial": 555.0,
    "lateral": -32.0,