{
  "channel_0": {
    "x": -344.31729819993063,
    "y": -2994.6827018000695,
    "z": -2927.0481054002075,
    "axial": -15.0,
    "lateral": -282.0,
    "brain_region_id": 795,
    "brain_region": "PAG"
  },
  "channel_1": {
    "x": -348.90393871553124,
    "y": -2990.0960612844683,
    "z": -2913.2881838534054,
    "axial": 0.0,
    "lateral": -282.0,
    "brain_region_id": 795,
    "brain_region": "PAG"
  },
  "channel_2": {
    "x": -353.49057923113185,
    "y": -2985.5094207688676,
    "z": -2899.5282623066037,
    "axial": 15.0,
    "lateral": -282.0,
    "brain_region_id": 795,
    "brain_region": "PAG"
  },
  "channel_3": {
    "x": -358.0772197465986,
    "y": -2980.9227802534006,
    "z": -2885.7683407602035,
    "axial": 30.0,
    "lateral": -282.0,
    "brain_region_id": 795,
    "brain_region": "PAG"
  },
  "channel_4": {
    "x": -362.6638602621992,
    "y": -2976.3361397378,
    "z": -2872.0084192134013,
    "axial": 45.0,
    "lateral": -282.0,
    "brain_region_id": 795,
    "brain_region": "PAG"
  },
  "channel_5": {
    "x": -366.1142675433065,
    "y": -2983.457070173227,
    "z": -2861.6571973700798,
    "axial": 60.0,
    "lateral": -282.0,
    "brain_region_id": 795,
    "brain_region": "PAG"
  },
  "channel_6": {
    "x": -369.0976186754089,
    "y": -2995.390474701637,
    "z": -2852.7071439737724,
    "axial": 75.0,
    "lateral": -282.0,
    "brain_region_id": 795,
    "brain_region": "PAG"
  },
  "channel_7": {
    "x": -372.0809698074678,
    "y": -3007.323879229872,
    "z": -2843.7570905775956,
    "axial": 90.0,
    "lateral": -282.0,
    "brain_region_id": 795,
    "brain_region": "PAG"
  },
  "channel_8": {
    "x": -375.0643209395267,
    "y": -3019.257283758108,
    "z": -2834.8070371814188,
    "axial": 105.0,
    "lateral": -282.0,
    "brain_region_id": 795,
    "brain_region": "PAG"
  },
  "channel_9": {
    "x": -378.04767207158557,
    "y": -3031.1906882863436,
    "z": -2825.8569837852424,
    "axial": 120.0,
    "lateral": -282.0,
    "brain_region_id": 795,
    "brain_region": "PAG"
  },
  "channel_10": {
    "x": -381.031023203688,
    "y": -3043.1240928147536,
    "z": -2816.906930388935,
    "axial": 135.0,
    "lateral": -282.0,
    "brain_region_id": 795,
    "brain_region": "PAG"
  },
  "channel_11": {
    "x": -384.0143743357468,
    "y": -3055.0574973429893,
    "z": -2807.956876992758,
    "axial": 150.0,
    "lateral": -282.0,
    "brain_region_id": 795,
    "brain_region": "PAG"
  },
  "channel_12": {
    "x": -386.9977254678057,
    "y": -3066.9909018712247,
    "z": -2799.006823596582,
    "axial": 165.0,
    "lateral": -282.0,
    "brain_region_id": 795,
    "brain_region": "PAG"
  },
  "channel_13": {
    "x": -390.21329143162853,
    "y": -3075.0000000000005,
    "z": -2788.1468342734843,
    "axial": 180.0,
    "lateral": -282.0,
    "brain_region_id": 795,
    "brain_region": "PAG"
  },
  "channel_14": {
    "x": -393.90278353280814,
    "y": -3075.0000000000005,
    "z": -2773.388865868766,
    "axial": 195.0,
    "lateral": -282.0,
    "brain_region_id": 795,
    "brain_region": "PAG"
  },
  "channel_15": {
    "x": -397.5922756340954,
    "y": -3075.0000000000005,
    "z": -2758.6308974636167,
    "axial": 210.0,
    "lateral": -282.0,
    "brain_region_id": 795,
    "brain_region": "PAG"
  },
  "channel_16": {
    "x": -401.281767735275,
    "y": -3075.0000000000005,
    "z": -2743.872929058898,
    "axial": 225.0,
    "lateral": -282.0,
    "brain_region_id": 795,
    "brain_region": "PAG"
  },
  "channel_17": {
    "x": -404.9712598365623,
    "y": -3075.0000000000005,
    "z": -2729.1149606537488,
    "axial": 240.0,
    "lateral": -282.0,
    "brain_region_id": 795,
    "brain_region": "PAG"
  },
  "channel_18": {
    "x": -408.66075193779574,
    "y": -3075.0000000000005,
    "z": -2714.356992248815,
    "axial": 255.0,
    "lateral": -282.0,
    "brain_region_id": 795,
    "brain_region": "PAG"
  },
  "channel_19": {
    "x": -412.3502440390292,
    "y": -3075.0000000000005,
    "z": -2699.599023843881,
    "axial": 270.0,
    "lateral": -282.0,
    "brain_region_id": 795,
    "brain_region": "PAG"
  },
  "channel_20": {
    "x": -417.7610876053595,
    "y": -3075.0000000000005,
    "z": -2685.47782478928,
    "axial": 285.0,
    "lateral": -282.0,
    "brain_region_id": 795,
    "brain_region": "PAG"
  },
  "channel_21": {
    "x": -424.5641748957901,
    "y": -3075.0000000000005,
    "z": -2671.871650208419,
    "axial": 300.0,
    "lateral": -282.0,
    "brain_region_id": 795,
    "brain_region": "PAG"
  },
  "channel_22": {
    "x": -431.36726218622067,
    "y": -3075.0000000000005,
    "z": -2658.2654756275583,
    "axial": 315.0,
    "lateral": -282.0,
    "brain_region_id": 795,
    "brain_region": "PAG"
  },
  "channel_23": {
    "x": -438.17034947665127,
    "y": -3075.0000000000005,
    "z": -2644.659301046697,
    "axial": 330.0,
    "lateral": -282.0,
    "brain_region_id": 795,
    "brain_region": "PAG"
  },
  "channel_24": {
    "x": -444.97343676708186,
    "y": -3075.0000000000005,
    "z": -2631.0531264658357,
    "axial": 345.0,
    "lateral": -282.0,
    "brain_region_id": 795,
    "brain_region": "PAG"
  },
  "channel_25": {
    "x": -451.7765240575124,
    "y": -3075.0000000000005,
    "z": -2617.4469518849746,
    "axial": 360.0,
    "lateral": -282.0,
    "brain_region_id": 795,
    "brain_region": "PAG"
  },
  "channel_26": {
    "x": -458.5796113480423,
    "y": -3075.0000000000005,
    "z": -2603.8407773039153,
    "axial": 375.0,
    "lateral": -282.0,
    "brain_region_id": 795,
    "brain_region": "PAG"
  },
  "channel_27": {
    "x": -464.0,
    "y": -3075.0000000000005,
    "z": -2589.9081918522,
    "axial": 390.0,
    "lateral": -282.0,
    "brain_region_id": 795,
    "brain_region": "PAG"
  },
  "channel_28": {
    "x": -464.0,
    "y": -3075.0000000000005,
    "z": -2574.7040801585663,
    "axial": 405.0,
    "lateral": -282.0,
    "brain_region_id": 42,
    "brain_region": "SCdw"
  },
  "channel_29": {
    "x": -464.0,
    "y": -3075.0000000000005,
    "z": -2559.5035826268463,
    "axial": 420.0,
    "lateral": -282.0,
    "brain_region_id": 42,
    "brain_region": "SCdw"
  },
  "channel_30": {
    "x": -464.0,
    "y": -3075.0000000000005,
    "z": -2544.3030850951272,
    "axial": 435.0,
    "lateral": -282.0,
    "brain_region_id": 42,
    "brain_region": "SCdw"
  },
  "channel_31": {
    "x": -464.0,
    "y": -3075.0000000000005,
    "z": -2529.1025875634073,
    "axial": 450.0,
    "lateral": -282.0,
    "brain_region_id": 42,
    "brain_region": "SCdw"
  },
  "channel_32": {
    "x": -465.5219255547697,
    "y": -3075.0000000000005,
    "z": -2514.1951861130756,
    "axial": 465.0,
    "lateral": -282.0,
    "brain_region_id": 42,
    "brain_region": "SCdw"
  },
  "channel_33": {
    "x": -471.16724861399393,
    "y": -3075.0000000000005,
    "z": -2500.0818784650146,
    "axial": 480.0,
    "lateral": -282.0,
    "brain_region_id": 42,
    "brain_region": "SCdw"
  },
  "channel_34": {
    "x": -476.82717676822807,
    "y": -3075.0000000000005,
    "z": -2485.932058079429,
    "axial": 495.0,
    "lateral": -282.0,
    "brain_region_id": 42,
    "brain_region": "SCdw"
  },
  "channel_35": {
    "x": -482.51758326858857,
    "y": -3075.0000000000005,
    "z": -2471.706041828528,
    "axial": 510.0,
    "lateral": -282.0,
    "brain_region_id": 26,
    "brain_region": "SCdg"
  },
  "channel_36": {
    "x": -488.20798976894935,
    "y": -3075.0000000000005,
    "z": -2457.4800255776263,
    "axial": 525.0,
    "lateral": -282.0,
    "brain_region_id": 26,
    "brain_region": "SCdg"
  },
  "channel_37": {
    "x": -493.8983962693101,
    "y": -3075.0000000000005,
    "z": -2443.254009326724,
    "axial": 540.0,
    "lateral": -282.0,
    "brain_region_id": 26,
    "brain_region": "SCdg"
  },
  "channel_38": {
    "x": -499.58880276967085,
    "y": -3075.0000000000005,
    "z": -2429.027993075822,
    "axial": 555.0,