{
  "channel_0": {
    "x": 116.171311684909,
    "y": -3099.9999999999995,
    "z": -1938.2569675273637,
    "axial": 705.0,
    "lateral": 500.0,
    "brain_region_id": 10,
    "brain_region": "SCig"
  },
  "channel_1": {
    "x": 107.76710146845798,
    "y": -3099.9999999999995,
    "z": -1925.650652202687,
    "axial": 720.0,
    "lateral": 500.0,
    "brain_region_id": 10,
    "brain_region": "SCig"
  },
  "channel_2": {
    "x": 99.36289125200744,
    "y": -3099.9999999999995,
    "z": -1913.044336878011,
    "axial": 735.0,
    "lateral": 500.0,
    "brain_region_id": 10,
    "brain_region": "SCig"
  },
  "channel_3": {
    "x": 90.95868103555692,
    "y": -3099.9999999999995,
    "z": -1900.4380215533354,
    "axial": 750.0,
    "lateral": 500.0,
    "brain_region_id": 10,
    "brain_region": "SCig"
  },
  "channel_4": {
    "x": 84.03574615074163,
    "y": -3099.9999999999995,
    "z": -1887.1072384522247,
    "axial": 765.0,
    "lateral": 500.0,
    "brain_region_id": 10,
    "brain_region": "SCig"
  },
  "channel_5": {
    "x": 79.24460917265964,
    "y": -3099.9999999999995,
    "z": -1872.7338275179786,
    "axial": 780.0,
    "lateral": 500.0,
    "brain_region_id": 10,
    "brain_region": "SCig"
  },
  "channel_6": {
    "x": 74.45347219457766,
    "y": -3099.9999999999995,
    "z": -1858.3604165837323,
    "axial": 795.0,
    "lateral": 500.0,
    "brain_region_id": 10,
    "brain_region": "SCig"
  },
  "channel_7": {
    "x": 69.66233521649539,
    "y": -3099.9999999999995,
    "z": -1843.9870056494858,
    "axial": 810.0,
    "lateral": 500.0,
    "brain_region_id": 10,
    "brain_region": "SCig"
  },
  "channel_8": {
    "x": 64.8711982384134,
    "y": -3099.9999999999995,
    "z": -1829.6135947152395,
    "axial": 825.0,
    "lateral": 500.0,
    "brain_region_id": 10,
    "brain_region": "SCig"
  },
  "channel_9": {
    "x": 59.38632070220472,
    "y": -3099.9999999999995,
    "z": -1815.5794810533068,
    "axial": 840.0,
    "lateral": 500.0,
    "brain_region_id": 10,
    "brain_region": "SCig"
  },
  "channel_10": {
    "x": 50.98211048575418,
    "y": -3099.9999999999995,
    "z": -1802.9731657286309,
    "axial": 855.0,
    "lateral": 500.0,
    "brain_region_id": 10,
    "brain_region": "SCig"
  },
  "channel_11": {
    "x": 42.653083491672874,
    "y": -3099.9999999999995,
    "z": -1790.4796252375088,
    "axial": 870.0,
    "lateral": 500.0,
    "brain_region_id": 851,
    "brain_region": "SCop"
  },
  "channel_12": {
    "x": 34.33258054829435,
    "y": -3099.9999999999995,
    "z": -1777.9988708224412,
    "axial": 885.0,
    "lateral": 500.0,
    "brain_region_id": 851,
    "brain_region": "SCop"
  },
  "channel_13": {
    "x": 26.01207760491582,
    "y": -3099.9999999999995,
    "z": -1765.518116407373,
    "axial": 900.0,
    "lateral": 500.0,
    "brain_region_id": 851,
    "brain_region": "SCop"
  },
  "channel_14": {
    "x": 17.691574661537782,
    "y": -3099.9999999999995,
    "z": -1753.037361992306,
    "axial": 915.0,
    "lateral": 500.0,
    "brain_region_id": 851,
    "brain_region": "SCop"
  },
  "channel_15": {
    "x": 8.978898620854455,
    "y": -3100.673700459715,
    "z": -1740.978898620854,
    "axial": 930.0,
    "lateral": 500.0,
    "brain_region_id": 851,
    "brain_region": "SCop"
  },
  "channel_16": {
    "x": -1.3448094033210354,
    "y": -3104.1149364677735,
    "z": -1730.6551905966787,
    "axial": 945.0,
    "lateral": 500.0,
    "brain_region_id": 851,
    "brain_region": "SCop"
  },
  "channel_17": {
    "x": -11.668517427495932,
    "y": -3107.5561724758318,
    "z": -1720.3314825725038,
    "axial": 960.0,
    "lateral": 500.0,
    "brain_region_id": 851,
    "brain_region": "SCop"
  },
  "channel_18": {
    "x": -21.99222545167142,
    "y": -3110.9974084838905,
    "z": -1710.0077745483284,
    "axial": 975.0,
    "lateral": 500.0,
    "brain_region_id": 851,
    "brain_region": "SCop"
  },
  "channel_19": {
    "x": -32.31593347584691,
    "y": -3114.438644491949,
    "z": -1699.684066524153,
    "axial": 990.0,
    "lateral": 500.0,
    "brain_region_id": 313,
    "brain_region": "MB"
  },
  "channel_20": {
    "x": -42.63964150002241,
    "y": -3117.8798805000074,
    "z": -1689.3603584999776,
    "axial": 1005.0,
    "lateral": 500.0,
    "brain_region_id": 313,
    "brain_region": "MB"
  },
  "channel_21": {
    "x": -52.96334952419789,
    "y": -3121.321116508066,
    "z": -1679.036650475802,
    "axial": 1020.0,
    "lateral": 500.0,
    "brain_region_id": 834,
    "brain_region": "SCzo"
  },
  "channel_22": {
    "x": -63.287057548372786,
    "y": -3124.7623525161243,
    "z": -1668.7129424516272,
    "axial": 1035.0,
    "lateral": 500.0,
    "brain_region_id": 834,
    "brain_region": "SCzo"
  },
  "channel_23": {
    "x": -70.24494370211977,
    "y": -3125.0,
    "z": -1655.5101125957601,
    "axial": 1050.0,
    "lateral": 500.0,
    "brain_region_id": 834,
    "brain_region": "SCzo"
  },
  "channel_24": {
    "x": -76.95314763461923,
    "y": -3125.0,
    "z": -1642.0937047307611,
    "axial": 1065.0,
    "lateral": 500.0,
    "brain_region_id": 851,
    "brain_region": "SCop"
  },
  "channel_25": {
    "x": -83.66135156711832,
    "y": -3125.0,
    "z": -1628.6772968657629,
    "axial": 1080.0,
    "lateral": 500.0,
    "brain_region_id": 834,
    "brain_region": "SCzo"
  },
  "channel_26": {
    "x": -89.72181912680018,
    "y": -3125.7218191268007,
    "z": -1615.1127234927978,
    "axial": 1095.0,
    "lateral": 500.0,
    "brain_region_id": 834,
    "brain_region": "SCzo"
  },
  "channel_27": {
    "x": -93.25735303273295,
    "y": -3129.257353032733,
    "z": -1600.9705878690668,
    "axial": 1110.0,
    "lateral": 500.0,
    "brain_region_id": 834,
    "brain_region": "SCzo"
  },
  "channel_28": {
    "x": -96.79288693866552,
    "y": -3132.792886938666,
    "z": -1586.8284522453364,
    "axial": 1125.0,
    "lateral": 500.0,
    "brain_region_id": 834,
    "brain_region": "SCzo"
  },
  "channel_29": {
    "x": -100.32842084459828,
    "y": -3136.3284208445984,
    "z": -1572.6863166216053,
    "axial": 1140.0,
    "lateral": 500.0,
    "brain_region_id": 834,
    "brain_region": "SCzo"
  },
  "channel_30": {
    "x": -103.86395475053105,
    "y": -3139.863954750531,
    "z": -1558.544180997874,
    "axial": 1155.0,
    "lateral": 500.0,
    "brain_region_id": 842,
    "brain_region": "SCsg"
  },
  "channel_31": {
    "x": -107.39948865646362,
    "y": -3143.3994886564637,
    "z": -1544.4020453741434,
    "axial": 1170.0,
    "lateral": 500.0,
    "brain_region_id": 842,
    "brain_region": "SCsg"
  },
  "channel_32": {
    "x": -110.93502256239638,
    "y": -3146.935022562396,
    "z": -1530.2599097504124,
    "axial": 1185.0,
    "lateral": 500.0,
    "brain_region_id": 842,
    "brain_region": "SCsg"
  },
  "channel_33": {
    "x": -113.99999999999952,
    "y": -3149.999999999999,
    "z": -1516.0035979818772,
    "axial": 1200.0,
    "lateral": 500.0,
    "brain_region_id": 842,
    "brain_region": "SCsg"
  },
  "channel_34": {
    "x": -113.99999999999952,
    "y": -3149.999999999999,
    "z": -1501.0035979818779,
    "axial": 1215.0,
    "lateral": 500.0,
    "brain_region_id": 842,
    "brain_region": "SCsg"
  },
  "channel_35": {
    "x": -113.99999999999952,
    "y": -3149.999999999999,
    "z": -1486.0035979818779,
    "axial": 1230.0,
    "lateral": 500.0,
    "brain_region_id": 842,
    "brain_region": "SCsg"
  },
  "channel_36": {
    "x": -113.99999999999952,
    "y": -3149.999999999999,
    "z": -1471.0035979818776,
    "axial": 1245.0,
    "lateral": 500.0,
    "brain_region_id": 842,
    "brain_region": "SCsg"
  },
  "channel_37": {
    "x": -113.99999999999952,
    "y": -3149.999999999999,
    "z": -1456.0035979818776,
    "axial": 1260.0,
    "lateral": 500.0,
    "brain_region_id": 842,
    "brain_region": "SCsg"
  },
  "channel_38": {
    "x": -113.99999999999952,
    "y": -3150.6313177502616,
    "z": -1441.1060467492127,