{
  "channel_0": {
    "x": 187.69700274531297,
    "y": -2049.9999999999995,
    "z": -4302.954495882031,
    "axial": -15.0,
    "lateral": -32.0,
    "brain_region_id": 609,
    "brain_region": "SPA"
  },
  "channel_1": {
    "x": 196.01750568869153,
    "y": -2049.9999999999995,
    "z": -4290.473741466963,
    "axial": 0.0,
    "lateral": -32.0,
    "brain_region_id": 609,
    "brain_region": "SPA"
  },
  "channel_2": {
    "x": 204.3380086320701,
    "y": -2049.9999999999995,
    "z": -4277.992987051895,
    "axial": 15.0,
    "lateral": -32.0,
    "brain_region_id": 609,
    "brain_region": "SPA"
  },
  "channel_3": {
    "x": 211.00000000000026,
    "y": -2049.9999999999995,
    "z": -4265.010075736886,
    "axial": 30.0,
    "lateral": -32.0,
    "brain_region_id": 609,
    "brain_region": "SPA"
  },
  "channel_4": {
    "x": 211.00000000000026,
    "y": -2049.9999999999995,
    "z": -4250.0100757368855,
    "axial": 45.0,
    "lateral": -32.0,
    "brain_region_id": 609,
    "brain_region": "SPA"
  },
  "channel_5": {
    "x": 211.00000000000026,
    "y": -2049.9999999999995,
    "z": -4235.0100757368855,
    "axial": 60.0,
    "lateral": -32.0,
    "brain_region_id": 609,
    "brain_region": "SPA"
  },
  "channel_6": {
    "x": 211.00000000000026,
    "y": -2049.9999999999995,
    "z": -4220.0100757368855,
    "axial": 75.0,
    "lateral": -32.0,
    "brain_region_id": 609,
    "brain_region": "SPA"
  },
  "channel_7": {
    "x": 211.00000000000026,
    "y": -2049.9999999999995,
    "z": -4205.0100757368855,
    "axial": 90.0,
    "lateral": -32.0,
    "brain_region_id": 609,
    "brain_region": "SPA"
  },
  "channel_8": {
    "x": 211.00000000000026,
    "y": -2049.9999999999995,
    "z": -4190.0100757368855,
    "axial": 105.0,
    "lateral": -32.0,
    "brain_region_id": 609,
    "brain_region": "SPA"
  },
  "channel_9": {
    "x": 211.00000000000026,
    "y": -2049.9999999999995,
    "z": -4175.0100757368855,
    "axial": 120.0,
    "lateral": -32.0,
    "brain_region_id": 609,
    "brain_region": "SPA"
  },
  "channel_10": {
    "x": 215.43201255657422,
    "y": -2049.9999999999995,
    "z": -4161.351981165139,
    "axial": 135.0,
    "lateral": -32.0,
    "brain_region_id": 609,
    "brain_region": "SPA"
  },
  "channel_11": {
    "x": 223.75251549995272,
    "y": -2049.9999999999995,
    "z": -4148.871226750071,
    "axial": 150.0,
    "lateral": -32.0,
    "brain_region_id": 741,
    "brain_region": "VPMpc"
  },
  "channel_12": {
    "x": 232.07301844333128,
    "y": -2049.9999999999995,
    "z": -4136.390472335003,
    "axial": 165.0,
    "lateral": -32.0,
    "brain_region_id": 741,
    "brain_region": "VPMpc"
  },
  "channel_13": {
    "x": 240.3935213867093,
    "y": -2049.9999999999995,
    "z": -4123.909717919935,
    "axial": 180.0,
    "lateral": -32.0,
    "brain_region_id": 741,
    "brain_region": "VPMpc"
  },
  "channel_14": {
    "x": 248.71402433008782,
    "y": -2049.9999999999995,
    "z": -4111.428963504868,
    "axial": 195.0,
    "lateral": -32.0,
    "brain_region_id": 741,
    "brain_region": "VPMpc"
  },
  "channel_15": {
    "x": 257.0345272734664,
    "y": -2049.9999999999995,
    "z": -4098.9482090898,
    "axial": 210.0,
    "lateral": -32.0,
    "brain_region_id": 741,
    "brain_region": "VPMpc"
  },
  "channel_16": {
    "x": 263.4827492144054,
    "y": -2049.9999999999995,
    "z": -4085.5517523567833,
    "axial": 225.0,
    "lateral": -32.0,
    "brain_region_id": 741,
    "brain_region": "VPMpc"
  },
  "channel_17": {
    "x": 267.9847138903066,
    "y": -2049.9999999999995,
    "z": -4072.0458583290797,
    "axial": 240.0,
    "lateral": -32.0,
    "brain_region_id": 930,
    "brain_region": "PF"
  },
  "channel_18": {
    "x": 272.44859202385936,
    "y": -2049.9999999999995,
    "z": -4058.654223928421,
    "axial": 255.0,
    "lateral": -32.0,
    "brain_region_id": 930,
    "brain_region": "PF"
  },
  "channel_19": {
    "x": 276.9124701574118,
    "y": -2049.9999999999995,
    "z": -4045.2625895277642,
    "axial": 270.0,
    "lateral": -32.0,
    "brain_region_id": 930,
    "brain_region": "PF"
  },
  "channel_20": {
    "x": 281.37634829096436,
    "y": -2049.9999999999995,
    "z": -4031.870955127106,
    "axial": 285.0,
    "lateral": -32.0,
    "brain_region_id": 930,
    "brain_region": "PF"
  },
  "channel_21": {
    "x": 285.84022642451697,
    "y": -2049.9999999999995,
    "z": -4018.4793207264483,
    "axial": 300.0,
    "lateral": -32.0,
    "brain_region_id": 930,
    "brain_region": "PF"
  },
  "channel_22": {
    "x": 285.9999999999998,
    "y": -2049.9999999999995,
    "z": -4004.389226308986,
    "axial": 315.0,
    "lateral": -32.0,
    "brain_region_id": 930,
    "brain_region": "PF"
  },
  "channel_23": {
    "x": 285.9999999999998,
    "y": -2049.9999999999995,
    "z": -3990.273204209539,
    "axial": 330.0,
    "lateral": -32.0,
    "brain_region_id": 930,
    "brain_region": "PF"
  },
  "channel_24": {
    "x": 285.9999999999998,
    "y": -2049.9999999999995,
    "z": -3976.157182110092,
    "axial": 345.0,
    "lateral": -32.0,
    "brain_region_id": 930,
    "brain_region": "PF"
  },
  "channel_25": {
    "x": 285.9999999999998,
    "y": -2049.9999999999995,
    "z": -3962.041160010645,
    "axial": 360.0,
    "lateral": -32.0,
    "brain_region_id": 930,
    "brain_region": "PF"
  },
  "channel_26": {
    "x": 285.9999999999998,
    "y": -2049.9999999999995,
    "z": -3947.925137911196,
    "axial": 375.0,
    "lateral": -32.0,
    "brain_region_id": 930,
    "brain_region": "PF"
  },
  "channel_27": {
    "x": 285.9999999999998,
    "y": -2049.9999999999995,
    "z": -3933.809115811749,
    "axial": 390.0,
    "lateral": -32.0,
    "brain_region_id": 930,
    "brain_region": "PF"
  },
  "channel_28": {
    "x": 285.9999999999998,
    "y": -2049.9999999999995,
    "z": -3919.693093712302,
    "axial": 405.0,
    "lateral": -32.0,
    "brain_region_id": 930,
    "brain_region": "PF"
  },
  "channel_29": {
    "x": 291.55570247065356,
    "y": -2049.9999999999995,
    "z": -3906.8885950586923,
    "axial": 420.0,
    "lateral": -32.0,
    "brain_region_id": 930,
    "brain_region": "PF"
  },
  "channel_30": {
    "x": 297.8685794679046,
    "y": -2049.9999999999995,
    "z": -3894.2628410641905,
    "axial": 435.0,
    "lateral": -32.0,
    "brain_region_id": 930,
    "brain_region": "PF"
  },
  "channel_31": {
    "x": 304.1814564651553,
    "y": -2049.9999999999995,
    "z": -3881.637087069689,
    "axial": 450.0,
    "lateral": -32.0,
    "brain_region_id": 930,
    "brain_region": "PF"
  },
  "channel_32": {
    "x": 310.4943334624063,
    "y": -2049.9999999999995,
    "z": -3869.0113330751874,
    "axial": 465.0,
    "lateral": -32.0,
    "brain_region_id": 930,
    "brain_region": "PF"
  },
  "channel_33": {
    "x": 316.807210459657,
    "y": -2049.9999999999995,
    "z": -3856.385579080686,
    "axial": 480.0,
    "lateral": -32.0,
    "brain_region_id": 930,
    "brain_region": "PF"
  },
  "channel_34": {
    "x": 323.1200874569081,
    "y": -2049.9999999999995,
    "z": -3843.7598250861843,
    "axial": 495.0,
    "lateral": -32.0,
    "brain_region_id": 930,
    "brain_region": "PF"
  },
  "channel_35": {
    "x": 329.4329644541587,
    "y": -2049.9999999999995,
    "z": -3831.1340710916834,
    "axial": 510.0,
    "lateral": -32.0,
    "brain_region_id": 930,
    "brain_region": "PF"
  },
  "channel_36": {
    "x": 335.7458414514098,
    "y": -2049.9999999999995,
    "z": -3818.5083170971816,
    "axial": 525.0,
    "lateral": -32.0,
    "brain_region_id": 930,
    "brain_region": "PF"
  },
  "channel_37": {
    "x": 338.6072572945581,
    "y": -2047.392742705442,
    "z": -3804.9637135272114,
    "axial": 540.0,
    "lateral": -32.0,
    "brain_region_id": 930,
    "brain_region": "PF"
  },
  "channel_38": {
    "x": 341.3238870142257,
    "y": -2044.6761129857744,
    "z": -3791.3805649288734,
    "axial": 555.0,
    "lateral": -32.0,