{
  "channel_0": {
    "x": -234.63822157141914,
    "y": -3125.0,
    "z": -2001.723556857161,
    "axial": 705.0,
    "lateral": 250.0,
    "brain_region_id": 17,
    "brain_region": "SCiw"
  },
  "channel_1": {
    "x": -241.3464255039186,
    "y": -3125.0,
    "z": -1988.307148992162,
    "axial": 720.0,
    "lateral": 250.0,
    "brain_region_id": 17,
    "brain_region": "SCiw"
  },
  "channel_2": {
    "x": -248.05462943641763,
    "y": -3125.0,
    "z": -1974.890741127164,
    "axial": 735.0,
    "lateral": 250.0,
    "brain_region_id": 17,
    "brain_region": "SCiw"
  },
  "channel_3": {
    "x": -254.76283336891711,
    "y": -3125.0,
    "z": -1961.4743332621647,
    "axial": 750.0,
    "lateral": 250.0,
    "brain_region_id": 17,
    "brain_region": "SCiw"
  },
  "channel_4": {
    "x": -261.47103730141663,
    "y": -3125.0,
    "z": -1948.0579253971655,
    "axial": 765.0,
    "lateral": 250.0,
    "brain_region_id": 10,
    "brain_region": "SCig"
  },
  "channel_5": {
    "x": -266.95516981671614,
    "y": -3125.0,
    "z": -1934.1344905498502,
    "axial": 780.0,
    "lateral": 250.0,
    "brain_region_id": 10,
    "brain_region": "SCig"
  },
  "channel_6": {
    "x": -271.69858630696893,
    "y": -3125.0,
    "z": -1919.9042410790923,
    "axial": 795.0,
    "lateral": 250.0,
    "brain_region_id": 10,
    "brain_region": "SCig"
  },
  "channel_7": {
    "x": -276.4420027972217,
    "y": -3125.0,
    "z": -1905.6739916083343,
    "axial": 810.0,
    "lateral": 250.0,
    "brain_region_id": 10,
    "brain_region": "SCig"
  },
  "channel_8": {
    "x": -281.18541928747413,
    "y": -3125.0,
    "z": -1891.4437421375774,
    "axial": 825.0,
    "lateral": 250.0,
    "brain_region_id": 10,
    "brain_region": "SCig"
  },
  "channel_9": {
    "x": -285.9288357777272,
    "y": -3125.0,
    "z": -1877.2134926668186,
    "axial": 840.0,
    "lateral": 250.0,
    "brain_region_id": 10,
    "brain_region": "SCig"
  },
  "channel_10": {
    "x": -291.15886839484756,
    "y": -3127.1588683948476,
    "z": -1863.682263210305,
    "axial": 855.0,
    "lateral": 250.0,
    "brain_region_id": 10,
    "brain_region": "SCig"
  },
  "channel_11": {
    "x": -297.2825927518056,
    "y": -3133.282592751805,
    "z": -1851.434814496389,
    "axial": 870.0,
    "lateral": 250.0,
    "brain_region_id": 10,
    "brain_region": "SCig"
  },
  "channel_12": {
    "x": -303.4063171087637,
    "y": -3139.4063171087632,
    "z": -1839.187365782473,
    "axial": 885.0,
    "lateral": 250.0,
    "brain_region_id": 10,
    "brain_region": "SCig"
  },
  "channel_13": {
    "x": -309.53004146572135,
    "y": -3145.530041465721,
    "z": -1826.9399170685574,
    "axial": 900.0,
    "lateral": 250.0,
    "brain_region_id": 10,
    "brain_region": "SCig"
  },
  "channel_14": {
    "x": -315.81160969182525,
    "y": -3149.999999999999,
    "z": -1814.3767806163498,
    "axial": 915.0,
    "lateral": 250.0,
    "brain_region_id": 10,
    "brain_region": "SCig"
  },
  "channel_15": {
    "x": -322.5198136243247,
    "y": -3149.999999999999,
    "z": -1800.9603727513506,
    "axial": 930.0,
    "lateral": 250.0,
    "brain_region_id": 10,
    "brain_region": "SCig"
  },
  "channel_16": {
    "x": -329.2280175568237,
    "y": -3149.999999999999,
    "z": -1787.5439648863526,
    "axial": 945.0,
    "lateral": 250.0,
    "brain_region_id": 10,
    "brain_region": "SCig"
  },
  "channel_17": {
    "x": -335.9362214893232,
    "y": -3149.999999999999,
    "z": -1774.1275570213534,
    "axial": 960.0,
    "lateral": 250.0,
    "brain_region_id": 10,
    "brain_region": "SCig"
  },
  "channel_18": {
    "x": -344.7623425477898,
    "y": -3149.999999999999,
    "z": -1762.2376574522102,
    "axial": 975.0,
    "lateral": 250.0,
    "brain_region_id": 10,
    "brain_region": "SCig"
  },
  "channel_19": {
    "x": -355.3689442655875,
    "y": -3149.999999999999,
    "z": -1751.6310557344123,
    "axial": 990.0,
    "lateral": 250.0,
    "brain_region_id": 10,
    "brain_region": "SCig"
  },
  "channel_20": {
    "x": -364.8834910223053,
    "y": -3149.999999999999,
    "z": -1740.3495269330836,
    "axial": 1005.0,
    "lateral": 250.0,
    "brain_region_id": 10,
    "brain_region": "SCig"
  },
  "channel_21": {
    "x": -369.626907512558,
    "y": -3149.999999999999,
    "z": -1726.1192774623255,
    "axial": 1020.0,
    "lateral": 250.0,
    "brain_region_id": 10,
    "brain_region": "SCig"
  },
  "channel_22": {
    "x": -374.37032400281026,
    "y": -3149.999999999999,
    "z": -1711.8890279915686,
    "axial": 1035.0,
    "lateral": 250.0,
    "brain_region_id": 10,
    "brain_region": "SCig"
  },
  "channel_23": {
    "x": -379.11374049306283,
    "y": -3149.999999999999,
    "z": -1697.6587785208108,
    "axial": 1050.0,
    "lateral": 250.0,
    "brain_region_id": 10,
    "brain_region": "SCig"
  },
  "channel_24": {
    "x": -383.85715698331546,
    "y": -3149.999999999999,
    "z": -1683.4285290500527,
    "axial": 1065.0,
    "lateral": 250.0,
    "brain_region_id": 10,
    "brain_region": "SCig"
  },
  "channel_25": {
    "x": -388.6005734735678,
    "y": -3149.999999999999,
    "z": -1669.1982795792958,
    "axial": 1080.0,
    "lateral": 250.0,
    "brain_region_id": 10,
    "brain_region": "SCig"
  },
  "channel_26": {
    "x": -388.9999999999996,
    "y": -3149.999999999999,
    "z": -1654.2630975814131,
    "axial": 1095.0,
    "lateral": 250.0,
    "brain_region_id": 10,
    "brain_region": "SCig"
  },
  "channel_27": {
    "x": -388.9999999999996,
    "y": -3149.999999999999,
    "z": -1639.2630975814138,
    "axial": 1110.0,
    "lateral": 250.0,
    "brain_region_id": 10,
    "brain_region": "SCig"
  },
  "channel_28": {
    "x": -388.9999999999996,
    "y": -3149.999999999999,
    "z": -1624.2630975814147,
    "axial": 1125.0,
    "lateral": 250.0,
    "brain_region_id": 851,
    "brain_region": "SCop"
  },
  "channel_29": {
    "x": -395.17792294674723,
    "y": -3149.999999999999,
    "z": -1611.8220770532523,
    "axial": 1140.0,
    "lateral": 250.0,
    "brain_region_id": 851,
    "brain_region": "SCop"
  },
  "channel_30": {
    "x": -405.78452466454496,
    "y": -3149.999999999999,
    "z": -1601.2154753354544,
    "axial": 1155.0,
    "lateral": 250.0,
    "brain_region_id": 851,
    "brain_region": "SCop"
  },
  "channel_31": {
    "x": -413.99999999999943,
    "y": -3151.875753858928,
    "z": -1590.1863692116065,
    "axial": 1170.0,
    "lateral": 250.0,
    "brain_region_id": 851,
    "brain_region": "SCop"
  },
  "channel_32": {
    "x": -413.99999999999943,
    "y": -3160.196256802307,
    "z": -1577.7056147965388,
    "axial": 1185.0,
    "lateral": 250.0,
    "brain_region_id": 851,
    "brain_region": "SCop"
  },
  "channel_33": {
    "x": -413.99999999999943,
    "y": -3168.516759745685,
    "z": -1565.224860381472,
    "axial": 1200.0,
    "lateral": 250.0,
    "brain_region_id": 851,
    "brain_region": "SCop"
  },
  "channel_34": {
    "x": -413.99999999999943,
    "y": -3176.8372626890637,
    "z": -1552.744105966404,
    "axial": 1215.0,
    "lateral": 250.0,
    "brain_region_id": 851,
    "brain_region": "SCop"
  },
  "channel_35": {
    "x": -413.99999999999943,
    "y": -3185.1577656324425,
    "z": -1540.2633515513362,
    "axial": 1230.0,
    "lateral": 250.0,
    "brain_region_id": 851,
    "brain_region": "SCop"
  },
  "channel_36": {
    "x": -413.99999999999943,
    "y": -3193.478268575821,
    "z": -1527.7825971362693,
    "axial": 1245.0,
    "lateral": 250.0,
    "brain_region_id": 851,
    "brain_region": "SCop"
  },
  "channel_37": {
    "x": -415.4502159618075,
    "y": -3200.0000000000005,
    "z": -1515.099568076384,
    "axial": 1260.0,
    "lateral": 250.0,
    "brain_region_id": 851,
    "brain_region": "SCop"
  },
  "channel_38": {
    "x": -422.1584198943072,
    "y": -3200.0000000000005,
    "z": -1501.683160211385,
    "axial": 1275.0,
    "lateral": 250.0,
    "brain_region_id": 851,
    "brain_region": "SCop"
  },