{
  "channel_0": {
    "x": 1598.147065891104,
    "y": -3574.999999999999,
    "z": -3981.5588023266882,
    "axial": 705.0,
    "lateral": 250.0,
    "brain_region_id": 128,
    "brain_region": "MRN"
  },
  "channel_1": {
    "x": 1602.8904823813564,
    "y": -3574.999999999999,
    "z": -3967.3285528559304,
    "axial": 720.0,
    "lateral": 250.0,
    "brain_region_id": 128,
    "brain_region": "MRN"
  },
  "channel_2": {
    "x": 1607.633898871609,
    "y": -3574.999999999999,
    "z": -3953.098303385173,
    "axial": 735.0,
    "lateral": 250.0,
    "brain_region_id": 128,
    "brain_region": "MRN"
  },
  "channel_3": {
    "x": 1612.9008757911479,
    "y": -3575.9504378955726,
    "z": -3939.1982484177047,
    "axial": 750.0,
    "lateral": 250.0,
    "brain_region_id": 128,
    "brain_region": "MRN"
  },
  "channel_4": {
    "x": 1619.4474124982275,
    "y": -3579.223706249113,
    "z": -3926.1051750035454,
    "axial": 765.0,
    "lateral": 250.0,
    "brain_region_id": 128,
    "brain_region": "MRN"
  },
  "channel_5": {
    "x": 1625.9939492053072,
    "y": -3582.496974602653,
    "z": -3913.0121015893856,
    "axial": 780.0,
    "lateral": 250.0,
    "brain_region_id": 128,
    "brain_region": "MRN"
  },
  "channel_6": {
    "x": 1632.5404859123869,
    "y": -3585.7702429561928,
    "z": -3899.9190281752262,
    "axial": 795.0,
    "lateral": 250.0,
    "brain_region_id": 128,
    "brain_region": "MRN"
  },
  "channel_7": {
    "x": 1639.0870226194666,
    "y": -3589.043511309733,
    "z": -3886.825954761067,
    "axial": 810.0,
    "lateral": 250.0,
    "brain_region_id": 128,
    "brain_region": "MRN"
  },
  "channel_8": {
    "x": 1645.6335593265464,
    "y": -3592.316779663273,
    "z": -3873.732881346907,
    "axial": 825.0,
    "lateral": 250.0,
    "brain_region_id": 128,
    "brain_region": "MRN"
  },
  "channel_9": {
    "x": 1652.1800960336261,
    "y": -3595.590048016813,
    "z": -3860.6398079327478,
    "axial": 840.0,
    "lateral": 250.0,
    "brain_region_id": 128,
    "brain_region": "MRN"
  },
  "channel_10": {
    "x": 1658.726632740706,
    "y": -3598.863316370353,
    "z": -3847.546734518588,
    "axial": 855.0,
    "lateral": 250.0,
    "brain_region_id": 128,
    "brain_region": "MRN"
  },
  "channel_11": {
    "x": 1663.374681154199,
    "y": -3600.0,
    "z": -3833.5012753832048,
    "axial": 870.0,
    "lateral": 250.0,
    "brain_region_id": 128,
    "brain_region": "MRN"
  },
  "channel_12": {
    "x": 1667.012715529744,
    "y": -3600.0,
    "z": -3818.949137881025,
    "axial": 885.0,
    "lateral": 250.0,
    "brain_region_id": 128,
    "brain_region": "MRN"
  },
  "channel_13": {
    "x": 1670.6507499052889,
    "y": -3600.0,
    "z": -3804.3970003788445,
    "axial": 900.0,
    "lateral": 250.0,
    "brain_region_id": 128,
    "brain_region": "MRN"
  },
  "channel_14": {
    "x": 1674.2887842808339,
    "y": -3600.0,
    "z": -3789.844862876665,
    "axial": 915.0,
    "lateral": 250.0,
    "brain_region_id": 128,
    "brain_region": "MRN"
  },
  "channel_15": {
    "x": 1677.9268186563788,
    "y": -3600.0,
    "z": -3775.2927253744847,
    "axial": 930.0,
    "lateral": 250.0,
    "brain_region_id": 128,
    "brain_region": "MRN"
  },
  "channel_16": {
    "x": 1681.5648530319238,
    "y": -3600.0,
    "z": -3760.740587872305,
    "axial": 945.0,
    "lateral": 250.0,
    "brain_region_id": 128,
    "brain_region": "MRN"
  },
  "channel_17": {
    "x": 1685.2028874074688,
    "y": -3600.0,
    "z": -3746.188450370125,
    "axial": 960.0,
    "lateral": 250.0,
    "brain_region_id": 128,
    "brain_region": "MRN"
  },
  "channel_18": {
    "x": 1686.0,
    "y": -3600.0,
    "z": -3731.2865794145164,
    "axial": 975.0,
    "lateral": 250.0,
    "brain_region_id": 128,
    "brain_region": "MRN"
  },
  "channel_19": {
    "x": 1686.0,
    "y": -3600.0,
    "z": -3716.2865794145164,
    "axial": 990.0,
    "lateral": 250.0,
    "brain_region_id": 128,
    "brain_region": "MRN"
  },
  "channel_20": {
    "x": 1686.0,
    "y": -3600.0,
    "z": -3701.2865794145164,
    "axial": 1005.0,
    "lateral": 250.0,
    "brain_region_id": 128,
    "brain_region": "MRN"
  },
  "channel_21": {
    "x": 1686.0,
    "y": -3600.0,
    "z": -3686.2865794145164,
    "axial": 1020.0,
    "lateral": 250.0,
    "brain_region_id": 128,
    "brain_region": "MRN"
  },
  "channel_22": {
    "x": 1686.0,
    "y": -3600.0,
    "z": -3671.2865794145164,
    "axial": 1035.0,
    "lateral": 250.0,
    "brain_region_id": 128,
    "brain_region": "MRN"
  },
  "channel_23": {
    "x": 1688.8409217830138,
    "y": -3600.0,
    "z": -3656.636312867945,
    "axial": 1050.0,
    "lateral": 250.0,
    "brain_region_id": 128,
    "brain_region": "MRN"
  },
  "channel_24": {
    "x": 1692.4789561585587,
    "y": -3600.0,
    "z": -3642.084175365765,
    "axial": 1065.0,
    "lateral": 250.0,
    "brain_region_id": 128,
    "brain_region": "MRN"
  },
  "channel_25": {
    "x": 1696.1169905341037,
    "y": -3600.0,
    "z": -3627.5320378635847,
    "axial": 1080.0,
    "lateral": 250.0,
    "brain_region_id": 128,
    "brain_region": "MRN"
  },
  "channel_26": {
    "x": 1699.7550249096487,
    "y": -3600.0,
    "z": -3612.9799003614053,
    "axial": 1095.0,
    "lateral": 250.0,
    "brain_region_id": 128,
    "brain_region": "MRN"
  },
  "channel_27": {
    "x": 1703.3930592851937,
    "y": -3600.0,
    "z": -3598.427762859225,
    "axial": 1110.0,
    "lateral": 250.0,
    "brain_region_id": 128,
    "brain_region": "MRN"
  },
  "channel_28": {
    "x": 1707.0310936607386,
    "y": -3600.0,
    "z": -3583.875625357045,
    "axial": 1125.0,
    "lateral": 250.0,
    "brain_region_id": 128,
    "brain_region": "MRN"
  },
  "channel_29": {
    "x": 1710.6691280362836,
    "y": -3600.0,
    "z": -3569.323487854865,
    "axial": 1140.0,
    "lateral": 250.0,
    "brain_region_id": 128,
    "brain_region": "MRN"
  },
  "channel_30": {
    "x": 1716.9511422626588,
    "y": -3602.975571131329,
    "z": -3556.0977154746824,
    "axial": 1155.0,
    "lateral": 250.0,
    "brain_region_id": 128,
    "brain_region": "MRN"
  },
  "channel_31": {
    "x": 1723.4976789697384,
    "y": -3606.2488394848697,
    "z": -3543.004642060523,
    "axial": 1170.0,
    "lateral": 250.0,
    "brain_region_id": 128,
    "brain_region": "MRN"
  },
  "channel_32": {
    "x": 1730.0442156768183,
    "y": -3609.5221078384093,
    "z": -3529.9115686463633,
    "axial": 1185.0,
    "lateral": 250.0,
    "brain_region_id": 128,
    "brain_region": "MRN"
  },
  "channel_33": {
    "x": 1736.590752383898,
    "y": -3612.7953761919493,
    "z": -3516.818495232204,
    "axial": 1200.0,
    "lateral": 250.0,
    "brain_region_id": 128,
    "brain_region": "MRN"
  },
  "channel_34": {
    "x": 1743.137289090978,
    "y": -3616.068644545489,
    "z": -3503.7254218180447,
    "axial": 1215.0,
    "lateral": 250.0,
    "brain_region_id": 128,
    "brain_region": "MRN"
  },
  "channel_35": {
    "x": 1749.6838257980576,
    "y": -3619.3419128990295,
    "z": -3490.632348403885,
    "axial": 1230.0,
    "lateral": 250.0,
    "brain_region_id": 128,
    "brain_region": "MRN"
  },
  "channel_36": {
    "x": 1756.2303625051375,
    "y": -3622.615181252569,
    "z": -3477.5392749897255,
    "axial": 1245.0,
    "lateral": 250.0,
    "brain_region_id": 128,
    "brain_region": "MRN"
  },
  "channel_37": {
    "x": 1761.0000000000005,
    "y": -3625.0000000000005,
    "z": -3463.9286124288537,
    "axial": 1260.0,
    "lateral": 250.0,
    "brain_region_id": 128,
    "brain_region": "MRN"
  },
  "channel_38": {
    "x": 1761.0000000000005,
    "y": -3625.0000000000005,
    "z": -3448.928612428854,
    "axial": 1275.0,
    "lateral": 250.0,
    "brain_region_id": 128,
    "brain_region": "MRN"
  },
  "channel_39": {
    "x": 1761.0000000000005,
    "y": -3625.0000000000005,
    "z": -3433.928612428854,
    "axial": 1290.0,
    "lateral": 250.0,
    "brain_region_id": 128,