{
  "channel_0": {
    "x": 2044.279023562758,
    "y": -2666.7209764372415,
    "z": -4568.162929311726,
    "axial": 705.0,
    "lateral": 500.0,
    "brain_region_id": 381,
    "brain_region": "SNr"
  },
  "channel_1": {
    "x": 2048.51679390574,
    "y": -2662.48320609426,
    "z": -4555.44961828278,
    "axial": 720.0,
    "lateral": 500.0,
    "brain_region_id": 313,
    "brain_region": "MB"
  },
  "channel_2": {
    "x": 2053.0175563884122,
    "y": -2657.982443611588,
    "z": -4541.947330834763,
    "axial": 735.0,
    "lateral": 500.0,
    "brain_region_id": 313,
    "brain_region": "MB"
  },
  "channel_3": {
    "x": 2057.5183188710844,
    "y": -2653.4816811289165,
    "z": -4528.445043386747,
    "axial": 750.0,
    "lateral": 500.0,
    "brain_region_id": 313,
    "brain_region": "MB"
  },
  "channel_4": {
    "x": 2063.3899576211006,
    "y": -2650.0000000000005,
    "z": -4515.610042378899,
    "axial": 765.0,
    "lateral": 500.0,
    "brain_region_id": 313,
    "brain_region": "MB"
  },
  "channel_5": {
    "x": 2073.945181261074,
    "y": -2650.0000000000005,
    "z": -4505.054818738925,
    "axial": 780.0,
    "lateral": 500.0,
    "brain_region_id": 313,
    "brain_region": "MB"
  },
  "channel_6": {
    "x": 2084.500404901047,
    "y": -2650.0000000000005,
    "z": -4494.499595098951,
    "axial": 795.0,
    "lateral": 500.0,
    "brain_region_id": 313,
    "brain_region": "MB"
  },
  "channel_7": {
    "x": 2085.999999999999,
    "y": -2650.0000000000005,
    "z": -4480.193407301474,
    "axial": 810.0,
    "lateral": 500.0,
    "brain_region_id": 313,
    "brain_region": "MB"
  },
  "channel_8": {
    "x": 2085.999999999999,
    "y": -2650.0000000000005,
    "z": -4465.266066875941,
    "axial": 825.0,
    "lateral": 500.0,
    "brain_region_id": 313,
    "brain_region": "MB"
  },
  "channel_9": {
    "x": 2085.999999999999,
    "y": -2650.0000000000005,
    "z": -4450.338726450409,
    "axial": 840.0,
    "lateral": 500.0,
    "brain_region_id": 313,
    "brain_region": "MB"
  },
  "channel_10": {
    "x": 2089.3937313406745,
    "y": -2650.0000000000005,
    "z": -4436.212537318649,
    "axial": 855.0,
    "lateral": 500.0,
    "brain_region_id": 313,
    "brain_region": "MB"
  },
  "channel_11": {
    "x": 2096.0694409236285,
    "y": -2650.0000000000005,
    "z": -4422.861118152741,
    "axial": 870.0,
    "lateral": 500.0,
    "brain_region_id": 313,
    "brain_region": "MB"
  },
  "channel_12": {
    "x": 2102.745150506583,
    "y": -2650.0000000000005,
    "z": -4409.5096989868325,
    "axial": 885.0,
    "lateral": 500.0,
    "brain_region_id": 313,
    "brain_region": "MB"
  },
  "channel_13": {
    "x": 2109.420860089537,
    "y": -2650.0000000000005,
    "z": -4396.158279820925,
    "axial": 900.0,
    "lateral": 500.0,
    "brain_region_id": 313,
    "brain_region": "MB"
  },
  "channel_14": {
    "x": 2119.058384209405,
    "y": -2650.0000000000005,
    "z": -4384.941615790594,
    "axial": 915.0,
    "lateral": 500.0,
    "brain_region_id": 313,
    "brain_region": "MB"
  },
  "channel_15": {
    "x": 2129.613607849379,
    "y": -2650.0000000000005,
    "z": -4374.386392150621,
    "axial": 930.0,
    "lateral": 500.0,
    "brain_region_id": 313,
    "brain_region": "MB"
  },
  "channel_16": {
    "x": 2136.000000000001,
    "y": -2650.0000000000005,
    "z": -4362.104381968509,
    "axial": 945.0,
    "lateral": 500.0,
    "brain_region_id": 313,
    "brain_region": "MB"
  },
  "channel_17": {
    "x": 2136.000000000001,
    "y": -2650.0000000000005,
    "z": -4347.943139969826,
    "axial": 960.0,
    "lateral": 500.0,
    "brain_region_id": 797,
    "brain_region": "ZI"
  },
  "channel_18": {
    "x": 2136.000000000001,
    "y": -2650.0000000000005,
    "z": -4333.847028420994,
    "axial": 975.0,
    "lateral": 500.0,
    "brain_region_id": 797,
    "brain_region": "ZI"
  },
  "channel_19": {
    "x": 2136.000000000001,
    "y": -2650.0000000000005,
    "z": -4319.750916872163,
    "axial": 990.0,
    "lateral": 500.0,
    "brain_region_id": 797,
    "brain_region": "ZI"
  },
  "channel_20": {
    "x": 2136.000000000001,
    "y": -2650.0000000000005,
    "z": -4305.654805323331,
    "axial": 1005.0,
    "lateral": 500.0,
    "brain_region_id": 797,
    "brain_region": "ZI"
  },
  "channel_21": {
    "x": 2136.6445717393226,
    "y": -2650.0000000000005,
    "z": -4291.710856521356,
    "axial": 1020.0,
    "lateral": 500.0,
    "brain_region_id": 797,
    "brain_region": "ZI"
  },
  "channel_22": {
    "x": 2142.948544467644,
    "y": -2650.0000000000005,
    "z": -4279.102911064713,
    "axial": 1035.0,
    "lateral": 500.0,
    "brain_region_id": 797,
    "brain_region": "ZI"
  },
  "channel_23": {
    "x": 2149.252517195964,
    "y": -2650.0000000000005,
    "z": -4266.494965608071,
    "axial": 1050.0,
    "lateral": 500.0,
    "brain_region_id": 797,
    "brain_region": "ZI"
  },
  "channel_24": {
    "x": 2155.5564899242854,
    "y": -2650.0000000000005,
    "z": -4253.887020151429,
    "axial": 1065.0,
    "lateral": 500.0,
    "brain_region_id": 797,
    "brain_region": "ZI"
  },
  "channel_25": {
    "x": 2161.8604626526067,
    "y": -2650.0000000000005,
    "z": -4241.279074694786,
    "axial": 1080.0,
    "lateral": 500.0,
    "brain_region_id": 797,
    "brain_region": "ZI"
  },
  "channel_26": {
    "x": 2168.1644353809284,
    "y": -2650.0000000000005,
    "z": -4228.671129238143,
    "axial": 1095.0,
    "lateral": 500.0,
    "brain_region_id": 797,
    "brain_region": "ZI"
  },
  "channel_27": {
    "x": 2174.468408109249,
    "y": -2650.0000000000005,
    "z": -4216.063183781501,
    "axial": 1110.0,
    "lateral": 500.0,
    "brain_region_id": 797,
    "brain_region": "ZI"
  },
  "channel_28": {
    "x": 2180.772380837571,
    "y": -2650.0000000000005,
    "z": -4203.455238324859,
    "axial": 1125.0,
    "lateral": 500.0,
    "brain_region_id": 797,
    "brain_region": "ZI"
  },
  "channel_29": {
    "x": 2186.7610969053967,
    "y": -2650.0000000000005,
    "z": -4190.71670928381,
    "axial": 1140.0,
    "lateral": 500.0,
    "brain_region_id": 797,
    "brain_region": "ZI"
  },
  "channel_30": {
    "x": 2191.2186787700075,
    "y": -2650.0000000000005,
    "z": -4177.3439636899775,
    "axial": 1155.0,
    "lateral": 500.0,
    "brain_region_id": 797,
    "brain_region": "ZI"
  },
  "channel_31": {
    "x": 2195.6762606346188,
    "y": -2650.0000000000005,
    "z": -4163.971218096144,
    "axial": 1170.0,
    "lateral": 500.0,
    "brain_region_id": 797,
    "brain_region": "ZI"
  },
  "channel_32": {
    "x": 2200.133842499229,
    "y": -2650.0000000000005,
    "z": -4150.598472502312,
    "axial": 1185.0,
    "lateral": 500.0,
    "brain_region_id": 797,
    "brain_region": "ZI"
  },
  "channel_33": {
    "x": 2204.5914243638404,
    "y": -2650.0000000000005,
    "z": -4137.2257269084785,
    "axial": 1200.0,
    "lateral": 500.0,
    "brain_region_id": 797,
    "brain_region": "ZI"
  },
  "channel_34": {
    "x": 2209.0490062284507,
    "y": -2650.0000000000005,
    "z": -4123.852981314646,
    "axial": 1215.0,
    "lateral": 500.0,
    "brain_region_id": 797,
    "brain_region": "ZI"
  },
  "channel_35": {
    "x": 2213.506588093062,
    "y": -2650.0000000000005,
    "z": -4110.480235720813,
    "axial": 1230.0,
    "lateral": 500.0,
    "brain_region_id": 797,
    "brain_region": "ZI"
  },
  "channel_36": {
    "x": 2217.964169957673,
    "y": -2650.0000000000005,
    "z": -4097.107490126979,
    "axial": 1245.0,
    "lateral": 500.0,
    "brain_region_id": 797,
    "brain_region": "ZI"
  },
  "channel_37": {
    "x": 2222.421751822284,
    "y": -2650.0000000000005,
    "z": -4083.7347445331466,
    "axial": 1260.0,
    "lateral": 500.0,
    "brain_region_id": 797,
    "brain_region": "ZI"
  },
  "channel_38": {
    "x": 2226.8793336868953,
    "y": -2650.0000000000005,
    "z": -4070.3619989393137,
    "axial": 1275.0,
    "lateral": 500.0,
    "brain_region_id": 797,