{
  "channel_0": {
    "x": 1486.0000000000005,
    "y": -2674.9999999999995,
    "z": -5390.035597254709,
    "axial": -15.0,
    "lateral": -282.0,
    "brain_region_id": 381,
    "brain_region": "SNr"
  },
  "channel_1": {
    "x": 1486.0000000000005,
    "y": -2674.9999999999995,
    "z": -5375.035597254708,
    "axial": 0.0,
    "lateral": -282.0,
    "brain_region_id": 381,
    "brain_region": "SNr"
  },
  "channel_2": {
    "x": 1486.0000000000005,
    "y": -2674.9999999999995,
    "z": -5360.035597254709,
    "axial": 15.0,
    "lateral": -282.0,
    "brain_region_id": 381,
    "brain_region": "SNr"
  },
  "channel_3": {
    "x": 1486.0000000000005,
    "y": -2674.9999999999995,
    "z": -5345.035597254709,
    "axial": 30.0,
    "lateral": -282.0,
    "brain_region_id": 381,
    "brain_region": "SNr"
  },
  "channel_4": {
    "x": 1486.0000000000005,
    "y": -2674.9999999999995,
    "z": -5330.035597254708,
    "axial": 45.0,
    "lateral": -282.0,
    "brain_region_id": 381,
    "brain_region": "SNr"
  },
  "channel_5": {
    "x": 1486.0000000000005,
    "y": -2674.9999999999995,
    "z": -5315.035597254709,
    "axial": 60.0,
    "lateral": -282.0,
    "brain_region_id": 381,
    "brain_region": "SNr"
  },
  "channel_6": {
    "x": 1486.0000000000005,
    "y": -2674.9999999999995,
    "z": -5300.035597254708,
    "axial": 75.0,
    "lateral": -282.0,
    "brain_region_id": 381,
    "brain_region": "SNr"
  },
  "channel_7": {
    "x": 1486.0000000000005,
    "y": -2674.9999999999995,
    "z": -5285.035597254708,
    "axial": 90.0,
    "lateral": -282.0,
    "brain_region_id": 381,
    "brain_region": "SNr"
  },
  "channel_8": {
    "x": 1486.0000000000005,
    "y": -2674.9999999999995,
    "z": -5270.035597254709,
    "axial": 105.0,
    "lateral": -282.0,
    "brain_region_id": 381,
    "brain_region": "SNr"
  },
  "channel_9": {
    "x": 1486.0000000000005,
    "y": -2674.9999999999995,
    "z": -5255.035597254708,
    "axial": 120.0,
    "lateral": -282.0,
    "brain_region_id": 381,
    "brain_region": "SNr"
  },
  "channel_10": {
    "x": 1486.7189732726893,
    "y": -2674.9999999999995,
    "z": -5240.124106909245,
    "axial": 135.0,
    "lateral": -282.0,
    "brain_region_id": 381,
    "brain_region": "SNr"
  },
  "channel_11": {
    "x": 1490.3570076482342,
    "y": -2674.9999999999995,
    "z": -5225.571969407065,
    "axial": 150.0,
    "lateral": -282.0,
    "brain_region_id": 381,
    "brain_region": "SNr"
  },
  "channel_12": {
    "x": 1493.9950420237792,
    "y": -2674.9999999999995,
    "z": -5211.019831904884,
    "axial": 165.0,
    "lateral": -282.0,
    "brain_region_id": 381,
    "brain_region": "SNr"
  },
  "channel_13": {
    "x": 1497.633076399324,
    "y": -2674.9999999999995,
    "z": -5196.467694402705,
    "axial": 180.0,
    "lateral": -282.0,
    "brain_region_id": 381,
    "brain_region": "SNr"
  },
  "channel_14": {
    "x": 1501.2711107748692,
    "y": -2674.9999999999995,
    "z": -5181.915556900525,
    "axial": 195.0,
    "lateral": -282.0,
    "brain_region_id": 381,
    "brain_region": "SNr"
  },
  "channel_15": {
    "x": 1504.9091451504141,
    "y": -2674.9999999999995,
    "z": -5167.363419398344,
    "axial": 210.0,
    "lateral": -282.0,
    "brain_region_id": 381,
    "brain_region": "SNr"
  },
  "channel_16": {
    "x": 1508.547179525959,
    "y": -2674.9999999999995,
    "z": -5152.8112818961645,
    "axial": 225.0,
    "lateral": -282.0,
    "brain_region_id": 381,
    "brain_region": "SNr"
  },
  "channel_17": {
    "x": 1511.0000000000002,
    "y": -2674.9999999999995,
    "z": -5138.11323789515,
    "axial": 240.0,
    "lateral": -282.0,
    "brain_region_id": 381,
    "brain_region": "SNr"
  },
  "channel_18": {
    "x": 1511.0000000000002,
    "y": -2674.9999999999995,
    "z": -5123.11323789515,
    "axial": 255.0,
    "lateral": -282.0,
    "brain_region_id": 381,
    "brain_region": "SNr"
  },
  "channel_19": {
    "x": 1511.0000000000002,
    "y": -2674.9999999999995,
    "z": -5108.113237895149,
    "axial": 270.0,
    "lateral": -282.0,
    "brain_region_id": 381,
    "brain_region": "SNr"
  },
  "channel_20": {
    "x": 1511.0000000000002,
    "y": -2674.9999999999995,
    "z": -5093.11323789515,
    "axial": 285.0,
    "lateral": -282.0,
    "brain_region_id": 381,
    "brain_region": "SNr"
  },
  "channel_21": {
    "x": 1511.0000000000002,
    "y": -2674.9999999999995,
    "z": -5078.113237895151,
    "axial": 300.0,
    "lateral": -282.0,
    "brain_region_id": 381,
    "brain_region": "SNr"
  },
  "channel_22": {
    "x": 1511.0000000000002,
    "y": -2674.9999999999995,
    "z": -5063.113237895149,
    "axial": 315.0,
    "lateral": -282.0,
    "brain_region_id": 381,
    "brain_region": "SNr"
  },
  "channel_23": {
    "x": 1511.0000000000002,
    "y": -2674.9999999999995,
    "z": -5048.11323789515,
    "axial": 330.0,
    "lateral": -282.0,
    "brain_region_id": 381,
    "brain_region": "SNr"
  },
  "channel_24": {
    "x": 1511.0000000000002,
    "y": -2674.9999999999995,
    "z": -5033.113237895151,
    "axial": 345.0,
    "lateral": -282.0,
    "brain_region_id": 381,
    "brain_region": "SNr"
  },
  "channel_25": {
    "x": 1511.0000000000002,
    "y": -2674.9999999999995,
    "z": -5018.113237895149,
    "axial": 360.0,
    "lateral": -282.0,
    "brain_region_id": 381,
    "brain_region": "SNr"
  },
  "channel_26": {
    "x": 1514.6105701518673,
    "y": -2674.9999999999995,
    "z": -5003.557719392531,
    "axial": 375.0,
    "lateral": -282.0,
    "brain_region_id": 381,
    "brain_region": "SNr"
  },
  "channel_27": {
    "x": 1518.248604527412,
    "y": -2674.9999999999995,
    "z": -4989.005581890352,
    "axial": 390.0,
    "lateral": -282.0,
    "brain_region_id": 381,
    "brain_region": "SNr"
  },
  "channel_28": {
    "x": 1521.886638902957,
    "y": -2674.9999999999995,
    "z": -4974.453444388171,
    "axial": 405.0,
    "lateral": -282.0,
    "brain_region_id": 381,
    "brain_region": "SNr"
  },
  "channel_29": {
    "x": 1525.5246732785022,
    "y": -2674.9999999999995,
    "z": -4959.901306885991,
    "axial": 420.0,
    "lateral": -282.0,
    "brain_region_id": 381,
    "brain_region": "SNr"
  },
  "channel_30": {
    "x": 1529.1627076540472,
    "y": -2674.9999999999995,
    "z": -4945.349169383812,
    "axial": 435.0,
    "lateral": -282.0,
    "brain_region_id": 381,
    "brain_region": "SNr"
  },
  "channel_31": {
    "x": 1532.9167708490093,
    "y": -2674.9999999999995,
    "z": -4930.332916603963,
    "axial": 450.0,
    "lateral": -282.0,
    "brain_region_id": 374,
    "brain_region": "SNc"
  },
  "channel_32": {
    "x": 1536.627967734721,
    "y": -2674.9999999999995,
    "z": -4914.232193591673,
    "axial": 465.0,
    "lateral": -282.0,
    "brain_region_id": 374,
    "brain_region": "SNc"
  },
  "channel_33": {
    "x": 1539.3458542183985,
    "y": -2674.9999999999995,
    "z": -4897.924874689609,
    "axial": 480.0,
    "lateral": -282.0,
    "brain_region_id": 374,
    "brain_region": "SNc"
  },
  "channel_34": {
    "x": 1542.0637407020756,
    "y": -2674.9999999999995,
    "z": -4881.617555787546,
    "axial": 495.0,
    "lateral": -282.0,
    "brain_region_id": 374,
    "brain_region": "SNc"
  },
  "channel_35": {
    "x": 1544.781627185753,
    "y": -2674.9999999999995,
    "z": -4865.310236885482,
    "axial": 510.0,
    "lateral": -282.0,
    "brain_region_id": 374,
    "brain_region": "SNc"
  },
  "channel_36": {
    "x": 1547.4995136694304,
    "y": -2674.9999999999995,
    "z": -4849.002917983418,
    "axial": 525.0,
    "lateral": -282.0,
    "brain_region_id": 374,
    "brain_region": "SNc"
  },
  "channel_37": {
    "x": 1550.2174001531075,
    "y": -2674.9999999999995,
    "z": -4832.695599081355,
    "axial": 540.0,
    "lateral": -282.0,
    "brain_region_id": 374,
    "brain_region": "SNc"
  },
  "channel_38": {
    "x": 1552.935286636785,
    "y": -2674.9999999999995,
    "z": -4816.388280179291,