{
  "channel_0": {
    "x": -83.75017519591154,
    "y": -2074.9999999999995,
    "z": -4257.500350391824,
    "axial": -15.0,
    "lateral": -282.0,
    "brain_region_id": 609,
    "brain_region": "SPA"
  },
  "channel_1": {
    "x": -77.0419712634121,
    "y": -2074.9999999999995,
    "z": -4244.083942526825,
    "axial": 0.0,
    "lateral": -282.0,
    "brain_region_id": 609,
    "brain_region": "SPA"
  },
  "channel_2": {
    "x": -70.33376733091266,
    "y": -2074.9999999999995,
    "z": -4230.667534661826,
    "axial": 15.0,
    "lateral": -282.0,
    "brain_region_id": 609,
    "brain_region": "SPA"
  },
  "channel_3": {
    "x": -63.62556339841362,
    "y": -2074.9999999999995,
    "z": -4217.2511267968275,
    "axial": 30.0,
    "lateral": -282.0,
    "brain_region_id": 609,
    "brain_region": "SPA"
  },
  "channel_4": {
    "x": -56.91735946591419,
    "y": -2074.9999999999995,
    "z": -4203.834718931828,
    "axial": 45.0,
    "lateral": -282.0,
    "brain_region_id": 609,
    "brain_region": "SPA"
  },
  "channel_5": {
    "x": -50.20915553341475,
    "y": -2074.9999999999995,
    "z": -4190.41831106683,
    "axial": 60.0,
    "lateral": -282.0,
    "brain_region_id": 609,
    "brain_region": "SPA"
  },
  "channel_6": {
    "x": -43.500951600915315,
    "y": -2074.9999999999995,
    "z": -4177.001903201831,
    "axial": 75.0,
    "lateral": -282.0,
    "brain_region_id": 609,
    "brain_region": "SPA"
  },
  "channel_7": {
    "x": -38.99999999999997,
    "y": -2074.9999999999995,
    "z": -4163.064433743084,
    "axial": 90.0,
    "lateral": -282.0,
    "brain_region_id": 609,
    "brain_region": "SPA"
  },
  "channel_8": {
    "x": -38.99999999999997,
    "y": -2074.9999999999995,
    "z": -4148.064433743083,
    "axial": 105.0,
    "lateral": -282.0,
    "brain_region_id": 609,
    "brain_region": "SPA"
  },
  "channel_9": {
    "x": -38.99999999999997,
    "y": -2074.9999999999995,
    "z": -4133.064433743084,
    "axial": 120.0,
    "lateral": -282.0,
    "brain_region_id": 609,
    "brain_region": "SPA"
  },
  "channel_10": {
    "x": -38.99999999999997,
    "y": -2074.9999999999995,
    "z": -4118.064433743084,
    "axial": 135.0,
    "lateral": -282.0,
    "brain_region_id": 609,
    "brain_region": "SPA"
  },
  "channel_11": {
    "x": -38.99999999999997,
    "y": -2074.9999999999995,
    "z": -4103.064433743083,
    "axial": 150.0,
    "lateral": -282.0,
    "brain_region_id": 609,
    "brain_region": "SPA"
  },
  "channel_12": {
    "x": -36.792747668416226,
    "y": -2074.9999999999995,
    "z": -4088.585495336832,
    "axial": 165.0,
    "lateral": -282.0,
    "brain_region_id": 609,
    "brain_region": "SPA"
  },
  "channel_13": {
    "x": -30.08454373591703,
    "y": -2074.9999999999995,
    "z": -4075.169087471834,
    "axial": 180.0,
    "lateral": -282.0,
    "brain_region_id": 609,
    "brain_region": "SPA"
  },
  "channel_14": {
    "x": -23.376339803417455,
    "y": -2074.9999999999995,
    "z": -4061.7526796068355,
    "axial": 195.0,
    "lateral": -282.0,
    "brain_region_id": 609,
    "brain_region": "SPA"
  },
  "channel_15": {
    "x": -16.66813587091788,
    "y": -2074.9999999999995,
    "z": -4048.3362717418363,
    "axial": 210.0,
    "lateral": -282.0,
    "brain_region_id": 609,
    "brain_region": "SPA"
  },
  "channel_16": {
    "x": -9.959931938418302,
    "y": -2074.9999999999995,
    "z": -4034.919863876837,
    "axial": 225.0,
    "lateral": -282.0,
    "brain_region_id": 609,
    "brain_region": "SPA"
  },
  "channel_17": {
    "x": -3.251728005919112,
    "y": -2074.9999999999995,
    "z": -4021.503456011839,
    "axial": 240.0,
    "lateral": -282.0,
    "brain_region_id": 609,
    "brain_region": "SPA"
  },
  "channel_18": {
    "x": 3.4564759265804623,
    "y": -2074.9999999999995,
    "z": -4008.08704814684,
    "axial": 255.0,
    "lateral": -282.0,
    "brain_region_id": 609,
    "brain_region": "SPA"
  },
  "channel_19": {
    "x": 10.164679859080042,
    "y": -2074.9999999999995,
    "z": -3994.670640281841,
    "axial": 270.0,
    "lateral": -282.0,
    "brain_region_id": 609,
    "brain_region": "SPA"
  },
  "channel_20": {
    "x": 15.152755954146336,
    "y": -2074.9999999999995,
    "z": -3980.541732137563,
    "axial": 285.0,
    "lateral": -282.0,
    "brain_region_id": 609,
    "brain_region": "SPA"
  },
  "channel_21": {
    "x": 19.896172444398967,
    "y": -2074.9999999999995,
    "z": -3966.311482666805,
    "axial": 300.0,
    "lateral": -282.0,
    "brain_region_id": 609,
    "brain_region": "SPA"
  },
  "channel_22": {
    "x": 24.6395889346516,
    "y": -2074.9999999999995,
    "z": -3952.0812331960474,
    "axial": 315.0,
    "lateral": -282.0,
    "brain_region_id": 609,
    "brain_region": "SPA"
  },
  "channel_23": {
    "x": 29.38300542490423,
    "y": -2074.9999999999995,
    "z": -3937.850983725288,
    "axial": 330.0,
    "lateral": -282.0,
    "brain_region_id": 609,
    "brain_region": "SPA"
  },
  "channel_24": {
    "x": 34.126421915156584,
    "y": -2074.9999999999995,
    "z": -3923.6207342545313,
    "axial": 345.0,
    "lateral": -282.0,
    "brain_region_id": 609,
    "brain_region": "SPA"
  },
  "channel_25": {
    "x": 38.869838405409226,
    "y": -2074.9999999999995,
    "z": -3909.3904847837734,
    "axial": 360.0,
    "lateral": -282.0,
    "brain_region_id": 609,
    "brain_region": "SPA"
  },
  "channel_26": {
    "x": 43.613254895661846,
    "y": -2074.9999999999995,
    "z": -3895.1602353130156,
    "axial": 375.0,
    "lateral": -282.0,
    "brain_region_id": 609,
    "brain_region": "SPA"
  },
  "channel_27": {
    "x": 48.356671385914204,
    "y": -2074.9999999999995,
    "z": -3880.9299858422587,
    "axial": 390.0,
    "lateral": -282.0,
    "brain_region_id": 609,
    "brain_region": "SPA"
  },
  "channel_28": {
    "x": 53.10008787616684,
    "y": -2074.9999999999995,
    "z": -3866.6997363715004,
    "axial": 405.0,
    "lateral": -282.0,
    "brain_region_id": 609,
    "brain_region": "SPA"
  },
  "channel_29": {
    "x": 57.84350436641947,
    "y": -2074.9999999999995,
    "z": -3852.4694869007426,
    "axial": 420.0,
    "lateral": -282.0,
    "brain_region_id": 609,
    "brain_region": "SPA"
  },
  "channel_30": {
    "x": 64.54846291043003,
    "y": -2074.9999999999995,
    "z": -3839.45153708957,
    "axial": 435.0,
    "lateral": -282.0,
    "brain_region_id": 609,
    "brain_region": "SPA"
  },
  "channel_31": {
    "x": 75.15506462822835,
    "y": -2074.9999999999995,
    "z": -3828.844935371772,
    "axial": 450.0,
    "lateral": -282.0,
    "brain_region_id": 609,
    "brain_region": "SPA"
  },
  "channel_32": {
    "x": 85.76166634602664,
    "y": -2074.9999999999995,
    "z": -3818.2383336539733,
    "axial": 465.0,
    "lateral": -282.0,
    "brain_region_id": 609,
    "brain_region": "SPA"
  },
  "channel_33": {
    "x": 96.36826806382497,
    "y": -2074.9999999999995,
    "z": -3807.6317319361747,
    "axial": 480.0,
    "lateral": -282.0,
    "brain_region_id": 609,
    "brain_region": "SPA"
  },
  "channel_34": {
    "x": 106.97486978162267,
    "y": -2074.9999999999995,
    "z": -3797.025130218377,
    "axial": 495.0,
    "lateral": -282.0,
    "brain_region_id": 609,
    "brain_region": "SPA"
  },
  "channel_35": {
    "x": 112.82537176608979,
    "y": -2074.9999999999995,
    "z": -3783.8731411695508,
    "axial": 510.0,
    "lateral": -282.0,
    "brain_region_id": 609,
    "brain_region": "SPA"
  },
  "channel_36": {
    "x": 115.76711379316261,
    "y": -2074.9999999999995,
    "z": -3769.1644310341862,
    "axial": 525.0,
    "lateral": -282.0,
    "brain_region_id": 609,
    "brain_region": "SPA"
  },
  "channel_37": {
    "x": 118.70885582023524,
    "y": -2074.9999999999995,
    "z": -3754.455720898823,
    "axial": 540.0,
    "lateral": -282.0,
    "brain_region_id": 609,
    "brain_region": "SPA"
  },
  "channel_38": {
    "x": 121.65059784730803,
    "y": -2074.9999999999995,
    "z": -3739.7470107634595,