{
  "channel_0": {
    "x": -1113.9999999999995,
    "y": -3000.0,
    "z": -4795.13285803638,
    "axial": -15.0,
    "lateral": -282.0,
    "brain_region_id": 58,
    "brain_region": "MT"
  },
  "channel_1": {
    "x": -1113.9999999999995,
    "y": -3000.0,
    "z": -4782.403091910505,
    "axial": 0.0,
    "lateral": -282.0,
    "brain_region_id": 58,
    "brain_region": "MT"
  },
  "channel_2": {
    "x": -1113.9999999999995,
    "y": -3000.0,
    "z": -4769.673325784632,
    "axial": 15.0,
    "lateral": -282.0,
    "brain_region_id": 58,
    "brain_region": "MT"
  },
  "channel_3": {
    "x": -1113.9999999999995,
    "y": -3000.0,
    "z": -4756.943559658979,
    "axial": 30.0,
    "lateral": -282.0,
    "brain_region_id": 58,
    "brain_region": "MT"
  },
  "channel_4": {
    "x": -1113.9999999999995,
    "y": -3000.0,
    "z": -4744.213793533217,
    "axial": 45.0,
    "lateral": -282.0,
    "brain_region_id": 58,
    "brain_region": "MT"
  },
  "channel_5": {
    "x": -1113.9999999999995,
    "y": -3000.0,
    "z": -4732.016971249784,
    "axial": 60.0,
    "lateral": -282.0,
    "brain_region_id": 58,
    "brain_region": "MT"
  },
  "channel_6": {
    "x": -1113.9999999999995,
    "y": -3000.0,
    "z": -4720.370454081733,
    "axial": 75.0,
    "lateral": -282.0,
    "brain_region_id": 749,
    "brain_region": "VTA"
  },
  "channel_7": {
    "x": -1113.9999999999995,
    "y": -3000.0,
    "z": -4708.723936913684,
    "axial": 90.0,
    "lateral": -282.0,
    "brain_region_id": 749,
    "brain_region": "VTA"
  },
  "channel_8": {
    "x": -1113.9999999999995,
    "y": -3000.0,
    "z": -4697.077419745635,
    "axial": 105.0,
    "lateral": -282.0,
    "brain_region_id": 749,
    "brain_region": "VTA"
  },
  "channel_9": {
    "x": -1113.9999999999995,
    "y": -3000.0,
    "z": -4685.430902577586,
    "axial": 120.0,
    "lateral": -282.0,
    "brain_region_id": 749,
    "brain_region": "VTA"
  },
  "channel_10": {
    "x": -1113.9999999999995,
    "y": -3000.0,
    "z": -4673.784385409536,
    "axial": 135.0,
    "lateral": -282.0,
    "brain_region_id": 749,
    "brain_region": "VTA"
  },
  "channel_11": {
    "x": -1113.9999999999995,
    "y": -3000.0,
    "z": -4662.137868241487,
    "axial": 150.0,
    "lateral": -282.0,
    "brain_region_id": 749,
    "brain_region": "VTA"
  },
  "channel_12": {
    "x": -1113.9999999999995,
    "y": -3000.0,
    "z": -4650.491351073438,
    "axial": 165.0,
    "lateral": -282.0,
    "brain_region_id": 749,
    "brain_region": "VTA"
  },
  "channel_13": {
    "x": -1113.9999999999995,
    "y": -3000.0,
    "z": -4638.8448339053875,
    "axial": 180.0,
    "lateral": -282.0,
    "brain_region_id": 749,
    "brain_region": "VTA"
  },
  "channel_14": {
    "x": -1113.9999999999995,
    "y": -3000.0,
    "z": -4626.317663086038,
    "axial": 195.0,
    "lateral": -282.0,
    "brain_region_id": 697,
    "brain_region": "ml"
  },
  "channel_15": {
    "x": -1113.9999999999995,
    "y": -3000.0,
    "z": -4613.451554299428,
    "axial": 210.0,
    "lateral": -282.0,
    "brain_region_id": 697,
    "brain_region": "ml"
  },
  "channel_16": {
    "x": -1113.9999999999995,
    "y": -3000.0,
    "z": -4600.585445512817,
    "axial": 225.0,
    "lateral": -282.0,
    "brain_region_id": 697,
    "brain_region": "ml"
  },
  "channel_17": {
    "x": -1113.9999999999995,
    "y": -3000.0,
    "z": -4587.719336726207,
    "axial": 240.0,
    "lateral": -282.0,
    "brain_region_id": 697,
    "brain_region": "ml"
  },
  "channel_18": {
    "x": -1113.9999999999995,
    "y": -3000.0,
    "z": -4574.853227939597,
    "axial": 255.0,
    "lateral": -282.0,
    "brain_region_id": 697,
    "brain_region": "ml"
  },
  "channel_19": {
    "x": -1113.9999999999995,
    "y": -3000.0,
    "z": -4561.987119152987,
    "axial": 270.0,
    "lateral": -282.0,
    "brain_region_id": 697,
    "brain_region": "ml"
  },
  "channel_20": {
    "x": -1113.9999999999995,
    "y": -3000.0,
    "z": -4549.121010366377,
    "axial": 285.0,
    "lateral": -282.0,
    "brain_region_id": 697,
    "brain_region": "ml"
  },
  "channel_21": {
    "x": -1113.9999999999995,
    "y": -3000.0,
    "z": -4536.254901579767,
    "axial": 300.0,
    "lateral": -282.0,
    "brain_region_id": 697,
    "brain_region": "ml"
  },
  "channel_22": {
    "x": -1113.9999999999995,
    "y": -3000.0,
    "z": -4523.388792793156,
    "axial": 315.0,
    "lateral": -282.0,
    "brain_region_id": 697,
    "brain_region": "ml"
  },
  "channel_23": {
    "x": -1113.9999999999995,
    "y": -3000.0,
    "z": -4510.522684006546,
    "axial": 330.0,
    "lateral": -282.0,
    "brain_region_id": 697,
    "brain_region": "ml"
  },
  "channel_24": {
    "x": -1113.9999999999995,
    "y": -3000.0,
    "z": -4497.656575219936,
    "axial": 345.0,
    "lateral": -282.0,
    "brain_region_id": 697,
    "brain_region": "ml"
  },
  "channel_25": {
    "x": -1113.9999999999995,
    "y": -3000.0,
    "z": -4484.7904664333255,
    "axial": 360.0,
    "lateral": -282.0,
    "brain_region_id": 697,
    "brain_region": "ml"
  },
  "channel_26": {
    "x": -1113.9999999999995,
    "y": -3000.0,
    "z": -4471.924357646715,
    "axial": 375.0,
    "lateral": -282.0,
    "brain_region_id": 697,
    "brain_region": "ml"
  },
  "channel_27": {
    "x": -1113.9999999999995,
    "y": -3000.0,
    "z": -4459.058248860106,
    "axial": 390.0,
    "lateral": -282.0,
    "brain_region_id": 697,
    "brain_region": "ml"
  },
  "channel_28": {
    "x": -1113.9999999999995,
    "y": -3000.0,
    "z": -4446.1921400734955,
    "axial": 405.0,
    "lateral": -282.0,
    "brain_region_id": 697,
    "brain_region": "ml"
  },
  "channel_29": {
    "x": -1113.9999999999995,
    "y": -2997.2824880825865,
    "z": -4433.488708289052,
    "axial": 420.0,
    "lateral": -282.0,
    "brain_region_id": 697,
    "brain_region": "ml"
  },
  "channel_30": {
    "x": -1113.9999999999995,
    "y": -2993.4426359540207,
    "z": -4420.049225839072,
    "axial": 435.0,
    "lateral": -282.0,
    "brain_region_id": 128,
    "brain_region": "MRN"
  },
  "channel_31": {
    "x": -1113.9999999999995,
    "y": -2989.602783825455,
    "z": -4406.609743389093,
    "axial": 450.0,
    "lateral": -282.0,
    "brain_region_id": 128,
    "brain_region": "MRN"
  },
  "channel_32": {
    "x": -1113.9999999999995,
    "y": -2985.7629316968896,
    "z": -4393.170260939113,
    "axial": 465.0,
    "lateral": -282.0,
    "brain_region_id": 128,
    "brain_region": "MRN"
  },
  "channel_33": {
    "x": -1113.9999999999995,
    "y": -2981.9230795683243,
    "z": -4379.7307784891345,
    "axial": 480.0,
    "lateral": -282.0,
    "brain_region_id": 128,
    "brain_region": "MRN"
  },
  "channel_34": {
    "x": -1113.9999999999995,
    "y": -2978.0832274397585,
    "z": -4366.291296039155,
    "axial": 495.0,
    "lateral": -282.0,
    "brain_region_id": 128,
    "brain_region": "MRN"
  },
  "channel_35": {
    "x": -1113.9999999999995,
    "y": -2974.407706458627,
    "z": -4353.426972605195,
    "axial": 510.0,
    "lateral": -282.0,
    "brain_region_id": 214,
    "brain_region": "RN"
  },
  "channel_36": {
    "x": -1113.9999999999995,
    "y": -2970.910604821083,
    "z": -4341.187116873789,
    "axial": 525.0,
    "lateral": -282.0,
    "brain_region_id": 214,
    "brain_region": "RN"
  },
  "channel_37": {
    "x": -1113.9999999999995,
    "y": -2967.4135031835385,
    "z": -4328.9472611423835,
    "axial": 540.0,
    "lateral": -282.0,
    "brain_region_id": 214,
    "brain_region": "RN"
  },
  "channel_38": {
    "x": -1113.9999999999995,
    "y": -2963.916401545994,
    "z": -4316.707405410979,
    "axial": 555.0,
    "lateral": -282.0,
    "brain_region_id": 214,
    "brain_region": "RN"
  },
  "channel_39": {
    "x": -1113.9999999999995,
    "y": -2960.41929990845,
    "z": -4304.467549679573,
    "axial": 570.0,
    "lateral": -282.0,
    "brain_region_id": 214,
    "brain_region": "RN"
  },