{
  "channel_0": {
    "x": -164.00000000000009,
    "y": -3024.999999999999,
    "z": -2644.7893673480203,
    "axial": -15.0,
    "lateral": -32.0,
    "brain_region_id": 795,
    "brain_region": "PAG"
  },
  "channel_1": {
    "x": -169.90797452712093,
    "y": -3024.999999999999,
    "z": -2631.184050945758,
    "axial": 0.0,
    "lateral": -32.0,
    "brain_region_id": 795,
    "brain_region": "PAG"
  },
  "channel_2": {
    "x": -176.6161784596202,
    "y": -3024.999999999999,
    "z": -2617.7676430807596,
    "axial": 15.0,
    "lateral": -32.0,
    "brain_region_id": 795,
    "brain_region": "PAG"
  },
  "channel_3": {
    "x": -183.32438239211967,
    "y": -3024.999999999999,
    "z": -2604.3512352157604,
    "axial": 30.0,
    "lateral": -32.0,
    "brain_region_id": 795,
    "brain_region": "PAG"
  },
  "channel_4": {
    "x": -189.7301487922985,
    "y": -3024.999999999999,
    "z": -2590.809553623104,
    "axial": 45.0,
    "lateral": -32.0,
    "brain_region_id": 795,
    "brain_region": "PAG"
  },
  "channel_5": {
    "x": -194.47356528255114,
    "y": -3024.999999999999,
    "z": -2576.579304152346,
    "axial": 60.0,
    "lateral": -32.0,
    "brain_region_id": 795,
    "brain_region": "PAG"
  },
  "channel_6": {
    "x": -199.21698177280365,
    "y": -3024.999999999999,
    "z": -2562.3490546815883,
    "axial": 75.0,
    "lateral": -32.0,
    "brain_region_id": 795,
    "brain_region": "PAG"
  },
  "channel_7": {
    "x": -203.96039826305616,
    "y": -3024.999999999999,
    "z": -2548.118805210831,
    "axial": 90.0,
    "lateral": -32.0,
    "brain_region_id": 795,
    "brain_region": "PAG"
  },
  "channel_8": {
    "x": -208.70381475330876,
    "y": -3024.999999999999,
    "z": -2533.888555740073,
    "axial": 105.0,
    "lateral": -32.0,
    "brain_region_id": 795,
    "brain_region": "PAG"
  },
  "channel_9": {
    "x": -213.44723124356128,
    "y": -3024.999999999999,
    "z": -2519.6583062693157,
    "axial": 120.0,
    "lateral": -32.0,
    "brain_region_id": 795,
    "brain_region": "PAG"
  },
  "channel_10": {
    "x": -219.41010296096104,
    "y": -3030.4101029609606,
    "z": -2507.179794078077,
    "axial": 135.0,
    "lateral": -32.0,
    "brain_region_id": 795,
    "brain_region": "PAG"
  },
  "channel_11": {
    "x": -225.53382731791882,
    "y": -3036.533827317918,
    "z": -2494.9323453641614,
    "axial": 150.0,
    "lateral": -32.0,
    "brain_region_id": 795,
    "brain_region": "PAG"
  },
  "channel_12": {
    "x": -231.6575516748768,
    "y": -3042.6575516748767,
    "z": -2482.6848966502457,
    "axial": 165.0,
    "lateral": -32.0,
    "brain_region_id": 795,
    "brain_region": "PAG"
  },
  "channel_13": {
    "x": -237.7812760318346,
    "y": -3048.7812760318343,
    "z": -2470.4374479363296,
    "axial": 180.0,
    "lateral": -32.0,
    "brain_region_id": 795,
    "brain_region": "PAG"
  },
  "channel_14": {
    "x": -244.3731587150265,
    "y": -3049.9999999999995,
    "z": -2457.253682569946,
    "axial": 195.0,
    "lateral": -32.0,
    "brain_region_id": 795,
    "brain_region": "PAG"
  },
  "channel_15": {
    "x": -251.08136264752594,
    "y": -3049.9999999999995,
    "z": -2443.837274704947,
    "axial": 210.0,
    "lateral": -32.0,
    "brain_region_id": 42,
    "brain_region": "SCdw"
  },
  "channel_16": {
    "x": -257.7895665800252,
    "y": -3049.9999999999995,
    "z": -2430.4208668399483,
    "axial": 225.0,
    "lateral": -32.0,
    "brain_region_id": 336,
    "brain_region": "csc"
  },
  "channel_17": {
    "x": -264.4857742794845,
    "y": -3050.2428871397424,
    "z": -2417.0284514410305,
    "axial": 240.0,
    "lateral": -32.0,
    "brain_region_id": 336,
    "brain_region": "csc"
  },
  "channel_18": {
    "x": -271.0323109865642,
    "y": -3053.5161554932824,
    "z": -2403.9353780268707,
    "axial": 255.0,
    "lateral": -32.0,
    "brain_region_id": 336,
    "brain_region": "csc"
  },
  "channel_19": {
    "x": -277.5788476936439,
    "y": -3056.789423846822,
    "z": -2390.8423046127114,
    "axial": 270.0,
    "lateral": -32.0,
    "brain_region_id": 336,
    "brain_region": "csc"
  },
  "channel_20": {
    "x": -284.1253844007239,
    "y": -3060.062692200362,
    "z": -2377.749231198552,
    "axial": 285.0,
    "lateral": -32.0,
    "brain_region_id": 336,
    "brain_region": "csc"
  },
  "channel_21": {
    "x": -290.6719211078036,
    "y": -3063.335960553902,
    "z": -2364.6561577843922,
    "axial": 300.0,
    "lateral": -32.0,
    "brain_region_id": 336,
    "brain_region": "csc"
  },
  "channel_22": {
    "x": -297.21845781488355,
    "y": -3066.6092289074422,
    "z": -2351.563084370233,
    "axial": 315.0,
    "lateral": -32.0,
    "brain_region_id": 336,
    "brain_region": "csc"
  },
  "channel_23": {
    "x": -303.76499452196344,
    "y": -3069.8824972609823,
    "z": -2338.470010956073,
    "axial": 330.0,
    "lateral": -32.0,
    "brain_region_id": 336,
    "brain_region": "csc"
  },
  "channel_24": {
    "x": -310.311531229043,
    "y": -3073.155765614522,
    "z": -2325.376937541914,
    "axial": 345.0,
    "lateral": -32.0,
    "brain_region_id": 336,
    "brain_region": "csc"
  },
  "channel_25": {
    "x": -317.50040404685524,
    "y": -3076.750202023428,
    "z": -2312.749393929717,
    "axial": 360.0,
    "lateral": -32.0,
    "brain_region_id": 336,
    "brain_region": "csc"
  },
  "channel_26": {
    "x": -325.51824130422807,
    "y": -3080.7591206521142,
    "z": -2300.7226380436578,
    "axial": 375.0,
    "lateral": -32.0,
    "brain_region_id": 336,
    "brain_region": "csc"
  },
  "channel_27": {
    "x": -333.53607856160045,
    "y": -3084.7680392808,
    "z": -2288.6958821575986,
    "axial": 390.0,
    "lateral": -32.0,
    "brain_region_id": 26,
    "brain_region": "SCdg"
  },
  "channel_28": {
    "x": -341.55391581897334,
    "y": -3088.7769579094866,
    "z": -2276.6691262715394,
    "axial": 405.0,
    "lateral": -32.0,
    "brain_region_id": 26,
    "brain_region": "SCdg"
  },
  "channel_29": {
    "x": -349.5717530763462,
    "y": -3092.785876538173,
    "z": -2264.64237038548,
    "axial": 420.0,
    "lateral": -32.0,
    "brain_region_id": 26,
    "brain_region": "SCdg"
  },
  "channel_30": {
    "x": -357.58959033371855,
    "y": -3096.794795166859,
    "z": -2252.615614499421,
    "axial": 435.0,
    "lateral": -32.0,
    "brain_region_id": 26,
    "brain_region": "SCdg"
  },
  "channel_31": {
    "x": -364.95096698744516,
    "y": -3099.9999999999995,
    "z": -2240.1470990376633,
    "axial": 450.0,
    "lateral": -32.0,
    "brain_region_id": 26,
    "brain_region": "SCdg"
  },
  "channel_32": {
    "x": -369.6943834776978,
    "y": -3099.9999999999995,
    "z": -2225.916849566905,
    "axial": 465.0,
    "lateral": -32.0,
    "brain_region_id": 26,
    "brain_region": "SCdg"
  },
  "channel_33": {
    "x": -374.43779996795047,
    "y": -3099.9999999999995,
    "z": -2211.6866000961472,
    "axial": 480.0,
    "lateral": -32.0,
    "brain_region_id": 26,
    "brain_region": "SCdg"
  },
  "channel_34": {
    "x": -379.18121645820287,
    "y": -3099.9999999999995,
    "z": -2197.4563506253903,
    "axial": 495.0,
    "lateral": -32.0,
    "brain_region_id": 26,
    "brain_region": "SCdg"
  },
  "channel_35": {
    "x": -383.9246329484555,
    "y": -3099.9999999999995,
    "z": -2183.226101154632,
    "axial": 510.0,
    "lateral": -32.0,
    "brain_region_id": 26,
    "brain_region": "SCdg"
  },
  "channel_36": {
    "x": -388.6680494387082,
    "y": -3099.9999999999995,
    "z": -2168.995851683874,
    "axial": 525.0,
    "lateral": -32.0,
    "brain_region_id": 26,
    "brain_region": "SCdg"
  },
  "channel_37": {
    "x": -396.7382231397895,
    "y": -3099.9999999999995,
    "z": -2156.392665290315,
    "axial": 540.0,
    "lateral": -32.0,
    "brain_region_id": 26,
    "brain_region": "SCdg"
  },
  "channel_38": {
    "x": -405.05872608316815,
    "y": -3099.9999999999995,
    "z": -2143.9119108752475,
    "axial": 555.0,