{
  "channel_0": {
    "x": 106.17185371926094,
    "y": -3920.171853719261,
    "z": -3527.656292561478,
    "axial": -15.0,
    "lateral": -282.0,
    "brain_region_id": 35,
    "brain_region": "III"
  },
  "channel_1": {
    "x": 112.29557807621893,
    "y": -3926.2955780762195,
    "z": -3515.408843847562,
    "axial": 0.0,
    "lateral": -282.0,
    "brain_region_id": 35,
    "brain_region": "III"
  },
  "channel_2": {
    "x": 118.41930243317698,
    "y": -3932.419302433177,
    "z": -3503.161395133646,
    "axial": 15.0,
    "lateral": -282.0,
    "brain_region_id": 35,
    "brain_region": "III"
  },
  "channel_3": {
    "x": 124.54302679013469,
    "y": -3938.5430267901343,
    "z": -3490.9139464197306,
    "axial": 30.0,
    "lateral": -282.0,
    "brain_region_id": 35,
    "brain_region": "III"
  },
  "channel_4": {
    "x": 130.66675114709275,
    "y": -3944.666751147093,
    "z": -3478.666497705814,
    "axial": 45.0,
    "lateral": -282.0,
    "brain_region_id": 35,
    "brain_region": "III"
  },
  "channel_5": {
    "x": 136.79047550405082,
    "y": -3950.7904755040504,
    "z": -3466.419048991898,
    "axial": 60.0,
    "lateral": -282.0,
    "brain_region_id": 35,
    "brain_region": "III"
  },
  "channel_6": {
    "x": 142.914199861009,
    "y": -3956.9141998610085,
    "z": -3454.171600277982,
    "axial": 75.0,
    "lateral": -282.0,
    "brain_region_id": 35,
    "brain_region": "III"
  },
  "channel_7": {
    "x": 149.4325600072967,
    "y": -3963.432560007296,
    "z": -3441.1348799854068,
    "axial": 90.0,
    "lateral": -282.0,
    "brain_region_id": 313,
    "brain_region": "MB"
  },
  "channel_8": {
    "x": 156.04775501890637,
    "y": -3970.0477550189057,
    "z": -3427.9044899621877,
    "axial": 105.0,
    "lateral": -282.0,
    "brain_region_id": 313,
    "brain_region": "MB"
  },
  "channel_9": {
    "x": 162.82167048743477,
    "y": -3975.0000000000005,
    "z": -3414.3566590251316,
    "axial": 120.0,
    "lateral": -282.0,
    "brain_region_id": 313,
    "brain_region": "MB"
  },
  "channel_10": {
    "x": 170.06825354774315,
    "y": -3975.0000000000005,
    "z": -3399.8634929045147,
    "axial": 135.0,
    "lateral": -282.0,
    "brain_region_id": 313,
    "brain_region": "MB"
  },
  "channel_11": {
    "x": 177.3148366080515,
    "y": -3975.0000000000005,
    "z": -3385.370326783898,
    "axial": 150.0,
    "lateral": -282.0,
    "brain_region_id": 313,
    "brain_region": "MB"
  },
  "channel_12": {
    "x": 184.56141966835966,
    "y": -3975.0000000000005,
    "z": -3370.8771606632813,
    "axial": 165.0,
    "lateral": -282.0,
    "brain_region_id": 313,
    "brain_region": "MB"
  },
  "channel_13": {
    "x": 191.808002728668,
    "y": -3975.0000000000005,
    "z": -3356.3839945426644,
    "axial": 180.0,
    "lateral": -282.0,
    "brain_region_id": 313,
    "brain_region": "MB"
  },
  "channel_14": {
    "x": 199.05458578897608,
    "y": -3975.0000000000005,
    "z": -3341.890828422048,
    "axial": 195.0,
    "lateral": -282.0,
    "brain_region_id": 313,
    "brain_region": "MB"
  },
  "channel_15": {
    "x": 206.30116884928438,
    "y": -3975.0000000000005,
    "z": -3327.3976623014314,
    "axial": 210.0,
    "lateral": -282.0,
    "brain_region_id": 313,
    "brain_region": "MB"
  },
  "channel_16": {
    "x": 215.02834947367802,
    "y": -3975.0000000000005,
    "z": -3313.9716505263214,
    "axial": 225.0,
    "lateral": -282.0,
    "brain_region_id": 313,
    "brain_region": "MB"
  },
  "channel_17": {
    "x": 226.4862033357617,
    "y": -3975.0000000000005,
    "z": -3302.513796664238,
    "axial": 240.0,
    "lateral": -282.0,
    "brain_region_id": 795,
    "brain_region": "PAG"
  },
  "channel_18": {
    "x": 237.94405719784564,
    "y": -3975.0000000000005,
    "z": -3291.0559428021543,
    "axial": 255.0,
    "lateral": -282.0,
    "brain_region_id": 795,
    "brain_region": "PAG"
  },
  "channel_19": {
    "x": 249.4019110599296,
    "y": -3975.0000000000005,
    "z": -3279.5980889400703,
    "axial": 270.0,
    "lateral": -282.0,
    "brain_region_id": 795,
    "brain_region": "PAG"
  },
  "channel_20": {
    "x": 260.8597649220132,
    "y": -3975.0000000000005,
    "z": -3268.1402350779867,
    "axial": 285.0,
    "lateral": -282.0,
    "brain_region_id": 795,
    "brain_region": "PAG"
  },
  "channel_21": {
    "x": 266.06139298893385,
    "y": -3975.0000000000005,
    "z": -3252.815821033198,
    "axial": 300.0,
    "lateral": -282.0,
    "brain_region_id": 614454277,
    "brain_region": "Su3"
  },
  "channel_22": {
    "x": 271.18550101130927,
    "y": -3975.0000000000005,
    "z": -3237.4434969660715,
    "axial": 315.0,
    "lateral": -282.0,
    "brain_region_id": 614454277,
    "brain_region": "Su3"
  },
  "channel_23": {
    "x": 276.3096090336849,
    "y": -3975.0000000000005,
    "z": -3222.0711728989445,
    "axial": 330.0,
    "lateral": -282.0,
    "brain_region_id": 614454277,
    "brain_region": "Su3"
  },
  "channel_24": {
    "x": 281.4337170560603,
    "y": -3975.0000000000005,
    "z": -3206.6988488318184,
    "axial": 345.0,
    "lateral": -282.0,
    "brain_region_id": 614454277,
    "brain_region": "Su3"
  },
  "channel_25": {
    "x": 286.97848991682565,
    "y": -3975.0000000000005,
    "z": -3191.5322651247607,
    "axial": 360.0,
    "lateral": -282.0,
    "brain_region_id": 614454277,
    "brain_region": "Su3"
  },
  "channel_26": {
    "x": 295.96676998246573,
    "y": -3975.0000000000005,
    "z": -3178.0498450263008,
    "axial": 375.0,
    "lateral": -282.0,
    "brain_region_id": 614454277,
    "brain_region": "Su3"
  },
  "channel_27": {
    "x": 304.9550500481056,
    "y": -3975.0000000000005,
    "z": -3164.5674249278413,
    "axial": 390.0,
    "lateral": -282.0,
    "brain_region_id": 614454277,
    "brain_region": "Su3"
  },
  "channel_28": {
    "x": 313.94333011374573,
    "y": -3975.0000000000005,
    "z": -3151.0850048293814,
    "axial": 405.0,
    "lateral": -282.0,
    "brain_region_id": 614454277,
    "brain_region": "Su3"
  },
  "channel_29": {
    "x": 322.9316101793858,
    "y": -3975.0000000000005,
    "z": -3137.6025847309215,
    "axial": 420.0,
    "lateral": -282.0,
    "brain_region_id": 614454277,
    "brain_region": "Su3"
  },
  "channel_30": {
    "x": 331.91989024502567,
    "y": -3975.0000000000005,
    "z": -3124.1201646324616,
    "axial": 435.0,
    "lateral": -282.0,
    "brain_region_id": 795,
    "brain_region": "PAG"
  },
  "channel_31": {
    "x": 339.9570934117134,
    "y": -3975.0000000000005,
    "z": -3110.0858131765735,
    "axial": 450.0,
    "lateral": -282.0,
    "brain_region_id": 795,
    "brain_region": "PAG"
  },
  "channel_32": {
    "x": 347.20367647202175,
    "y": -3975.0000000000005,
    "z": -3095.592647055957,
    "axial": 465.0,
    "lateral": -282.0,
    "brain_region_id": 795,
    "brain_region": "PAG"
  },
  "channel_33": {
    "x": 354.45025953232994,
    "y": -3975.0000000000005,
    "z": -3081.0994809353406,
    "axial": 480.0,
    "lateral": -282.0,
    "brain_region_id": 795,
    "brain_region": "PAG"
  },
  "channel_34": {
    "x": 361.69684259263806,
    "y": -3975.0000000000005,
    "z": -3066.606314814724,
    "axial": 495.0,
    "lateral": -282.0,
    "brain_region_id": 795,
    "brain_region": "PAG"
  },
  "channel_35": {
    "x": 368.9434256529464,
    "y": -3975.0000000000005,
    "z": -3052.113148694107,
    "axial": 510.0,
    "lateral": -282.0,
    "brain_region_id": 795,
    "brain_region": "PAG"
  },
  "channel_36": {
    "x": 376.1900087132548,
    "y": -3975.0000000000005,
    "z": -3037.6199825734907,
    "axial": 525.0,
    "lateral": -282.0,
    "brain_region_id": 795,
    "brain_region": "PAG"
  },
  "channel_37": {
    "x": 383.43659177356295,
    "y": -3975.0000000000005,
    "z": -3023.126816452874,
    "axial": 540.0,
    "lateral": -282.0,
    "brain_region_id": 795,
    "brain_region": "PAG"
  },
  "channel_38": {
    "x": 391.8087634755409,