{
  "channel_0": {
    "x": -709.6432242908073,
    "y": -3395.6432242908077,
    "z": -4621.21612145404,
    "axial": -15.0,
    "lateral": -282.0,
    "brain_region_id": 863,
    "brain_region": "rust"
  },
  "channel_1": {
    "x": -706.6750138949437,
    "y": -3392.675013894944,
    "z": -4606.375069474722,
    "axial": 0.0,
    "lateral": -282.0,
    "brain_region_id": 863,
    "brain_region": "rust"
  },
  "channel_2": {
    "x": -703.7068034990374,
    "y": -3389.706803499038,
    "z": -4591.53401749519,
    "axial": 15.0,
    "lateral": -282.0,
    "brain_region_id": 863,
    "brain_region": "rust"
  },
  "channel_3": {
    "x": -700.7385931032165,
    "y": -3386.7385931032168,
    "z": -4576.692965516086,
    "axial": 30.0,
    "lateral": -282.0,
    "brain_region_id": 863,
    "brain_region": "rust"
  },
  "channel_4": {
    "x": -697.770382707353,
    "y": -3383.7703827073537,
    "z": -4561.851913536768,
    "axial": 45.0,
    "lateral": -282.0,
    "brain_region_id": 863,
    "brain_region": "rust"
  },
  "channel_5": {
    "x": -694.802172311532,
    "y": -3380.8021723115326,
    "z": -4547.010861557663,
    "axial": 60.0,
    "lateral": -282.0,
    "brain_region_id": 863,
    "brain_region": "rust"
  },
  "channel_6": {
    "x": -691.8339619156684,
    "y": -3377.833961915669,
    "z": -4532.169809578344,
    "axial": 75.0,
    "lateral": -282.0,
    "brain_region_id": 863,
    "brain_region": "rust"
  },
  "channel_7": {
    "x": -689.2325251884615,
    "y": -3374.534949623076,
    "z": -4517.534949623076,
    "axial": 90.0,
    "lateral": -282.0,
    "brain_region_id": 863,
    "brain_region": "rust"
  },
  "channel_8": {
    "x": -694.3663638249063,
    "y": -3364.2672723501864,
    "z": -4507.2672723501855,
    "axial": 105.0,
    "lateral": -282.0,
    "brain_region_id": 863,
    "brain_region": "rust"
  },
  "channel_9": {
    "x": -699.3594120834548,
    "y": -3354.281175833089,
    "z": -4497.281175833089,
    "axial": 120.0,
    "lateral": -282.0,
    "brain_region_id": 313,
    "brain_region": "MB"
  },
  "channel_10": {
    "x": -704.3524603420032,
    "y": -3344.295079315992,
    "z": -4487.295079315993,
    "axial": 135.0,
    "lateral": -282.0,
    "brain_region_id": 313,
    "brain_region": "MB"
  },
  "channel_11": {
    "x": -709.3455086005514,
    "y": -3334.308982798895,
    "z": -4477.308982798895,
    "axial": 150.0,
    "lateral": -282.0,
    "brain_region_id": 749,
    "brain_region": "VTA"
  },
  "channel_12": {
    "x": -713.9999999999993,
    "y": -3324.999999999999,
    "z": -4466.9843294226985,
    "axial": 165.0,
    "lateral": -282.0,
    "brain_region_id": 749,
    "brain_region": "VTA"
  },
  "channel_13": {
    "x": -713.9999999999993,
    "y": -3324.999999999999,
    "z": -4452.005184647053,
    "axial": 180.0,
    "lateral": -282.0,
    "brain_region_id": 749,
    "brain_region": "VTA"
  },
  "channel_14": {
    "x": -713.9999999999993,
    "y": -3324.999999999999,
    "z": -4437.026039871408,
    "axial": 195.0,
    "lateral": -282.0,
    "brain_region_id": 749,
    "brain_region": "VTA"
  },
  "channel_15": {
    "x": -713.9999999999993,
    "y": -3324.999999999999,
    "z": -4422.046895095762,
    "axial": 210.0,
    "lateral": -282.0,
    "brain_region_id": 313,
    "brain_region": "MB"
  },
  "channel_16": {
    "x": -713.9999999999993,
    "y": -3324.999999999999,
    "z": -4406.976830761056,
    "axial": 225.0,
    "lateral": -282.0,
    "brain_region_id": 313,
    "brain_region": "MB"
  },
  "channel_17": {
    "x": -713.9999999999993,
    "y": -3324.999999999999,
    "z": -4391.515515302718,
    "axial": 240.0,
    "lateral": -282.0,
    "brain_region_id": 214,
    "brain_region": "RN"
  },
  "channel_18": {
    "x": -713.9999999999993,
    "y": -3324.999999999999,
    "z": -4376.054199844381,
    "axial": 255.0,
    "lateral": -282.0,
    "brain_region_id": 214,
    "brain_region": "RN"
  },
  "channel_19": {
    "x": -718.1087284845228,
    "y": -3324.999999999999,
    "z": -4361.836907273214,
    "axial": 270.0,
    "lateral": -282.0,
    "brain_region_id": 214,
    "brain_region": "RN"
  },
  "channel_20": {
    "x": -726.6851232031626,
    "y": -3324.999999999999,
    "z": -4348.972315195255,
    "axial": 285.0,
    "lateral": -282.0,
    "brain_region_id": 214,
    "brain_region": "RN"
  },
  "channel_21": {
    "x": -735.2615179218025,
    "y": -3324.999999999999,
    "z": -4336.107723117296,
    "axial": 300.0,
    "lateral": -282.0,
    "brain_region_id": 214,
    "brain_region": "RN"
  },
  "channel_22": {
    "x": -743.8379126404419,
    "y": -3324.999999999999,
    "z": -4323.243131039337,
    "axial": 315.0,
    "lateral": -282.0,
    "brain_region_id": 214,
    "brain_region": "RN"
  },
  "channel_23": {
    "x": -752.4143073590815,
    "y": -3324.999999999999,
    "z": -4310.378538961378,
    "axial": 330.0,
    "lateral": -282.0,
    "brain_region_id": 214,
    "brain_region": "RN"
  },
  "channel_24": {
    "x": -760.9907020777213,
    "y": -3324.999999999999,
    "z": -4297.513946883419,
    "axial": 345.0,
    "lateral": -282.0,
    "brain_region_id": 214,
    "brain_region": "RN"
  },
  "channel_25": {
    "x": -763.9999999999999,
    "y": -3324.999999999999,
    "z": -4282.963773522624,
    "axial": 360.0,
    "lateral": -282.0,
    "brain_region_id": 214,
    "brain_region": "RN"
  },
  "channel_26": {
    "x": -763.9999999999999,
    "y": -3324.999999999999,
    "z": -4267.502458064288,
    "axial": 375.0,
    "lateral": -282.0,
    "brain_region_id": 214,
    "brain_region": "RN"
  },
  "channel_27": {
    "x": -763.9999999999999,
    "y": -3324.999999999999,
    "z": -4252.041142605951,
    "axial": 390.0,
    "lateral": -282.0,
    "brain_region_id": 214,
    "brain_region": "RN"
  },
  "channel_28": {
    "x": -763.9999999999999,
    "y": -3324.999999999999,
    "z": -4236.579827147614,
    "axial": 405.0,
    "lateral": -282.0,
    "brain_region_id": 214,
    "brain_region": "RN"
  },
  "channel_29": {
    "x": -763.9999999999999,
    "y": -3324.999999999999,
    "z": -4221.1185116892775,
    "axial": 420.0,
    "lateral": -282.0,
    "brain_region_id": 214,
    "brain_region": "RN"
  },
  "channel_30": {
    "x": -769.5198696521109,
    "y": -3324.999999999999,
    "z": -4206.960260695777,
    "axial": 435.0,
    "lateral": -282.0,
    "brain_region_id": 214,
    "brain_region": "RN"
  },
  "channel_31": {
    "x": -776.4343801293927,
    "y": -3324.999999999999,
    "z": -4193.131239741213,
    "axial": 450.0,
    "lateral": -282.0,
    "brain_region_id": 214,
    "brain_region": "RN"
  },
  "channel_32": {
    "x": -783.3488906066747,
    "y": -3324.999999999999,
    "z": -4179.30221878665,
    "axial": 465.0,
    "lateral": -282.0,
    "brain_region_id": 214,
    "brain_region": "RN"
  },
  "channel_33": {
    "x": -790.2634010839568,
    "y": -3324.999999999999,
    "z": -4165.473197832085,
    "axial": 480.0,
    "lateral": -282.0,
    "brain_region_id": 214,
    "brain_region": "RN"
  },
  "channel_34": {
    "x": -797.1779115612386,
    "y": -3324.999999999999,
    "z": -4151.644176877521,
    "axial": 495.0,
    "lateral": -282.0,
    "brain_region_id": 214,
    "brain_region": "RN"
  },
  "channel_35": {
    "x": -804.0924220385207,
    "y": -3324.999999999999,
    "z": -4137.815155922958,
    "axial": 510.0,
    "lateral": -282.0,
    "brain_region_id": 214,
    "brain_region": "RN"
  },
  "channel_36": {
    "x": -811.0069325158025,
    "y": -3324.999999999999,
    "z": -4123.986134968394,
    "axial": 525.0,
    "lateral": -282.0,
    "brain_region_id": 214,
    "brain_region": "RN"
  },
  "channel_37": {
    "x": -813.9999999999997,
    "y": -3324.999999999999,
    "z": -4109.2313868975725,
    "axial": 540.0,
    "lateral": -282.0,
    "brain_region_id": 214,
    "brain_region": "RN"
  },
  "channel_38": {
    "x": -813.9999999999997,
    "y": -3324.999999999999,
    "z": -4093.770071439235,
    "axial": 555.0,
    "lateral": -282.0,