{
  "channel_0": {
    "x": 843.5154739720846,
    "y": -4025.0,
    "z": -3169.226789041873,
    "axial": 705.0,
    "lateral": 250.0,
    "brain_region_id": 128,
    "brain_region": "MRN"
  },
  "channel_1": {
    "x": 851.91334926043,
    "y": -4025.0,
    "z": -3156.6299761093546,
    "axial": 720.0,
    "lateral": 250.0,
    "brain_region_id": 128,
    "brain_region": "MRN"
  },
  "channel_2": {
    "x": 860.3112245487754,
    "y": -4025.0,
    "z": -3144.0331631768368,
    "axial": 735.0,
    "lateral": 250.0,
    "brain_region_id": 128,
    "brain_region": "MRN"
  },
  "channel_3": {
    "x": 870.8272126254287,
    "y": -4025.0,
    "z": -3133.172787374571,
    "axial": 750.0,
    "lateral": 250.0,
    "brain_region_id": 128,
    "brain_region": "MRN"
  },
  "channel_4": {
    "x": 881.5324451174268,
    "y": -4025.0,
    "z": -3122.467554882573,
    "axial": 765.0,
    "lateral": 250.0,
    "brain_region_id": 128,
    "brain_region": "MRN"
  },
  "channel_5": {
    "x": 892.2376776094251,
    "y": -4025.0,
    "z": -3111.762322390575,
    "axial": 780.0,
    "lateral": 250.0,
    "brain_region_id": 128,
    "brain_region": "MRN"
  },
  "channel_6": {
    "x": 902.9429101014233,
    "y": -4025.0,
    "z": -3101.057089898577,
    "axial": 795.0,
    "lateral": 250.0,
    "brain_region_id": 128,
    "brain_region": "MRN"
  },
  "channel_7": {
    "x": 912.6748324328235,
    "y": -4025.0,
    "z": -3089.6503351343536,
    "axial": 810.0,
    "lateral": 250.0,
    "brain_region_id": 128,
    "brain_region": "MRN"
  },
  "channel_8": {
    "x": 919.4454159440942,
    "y": -4025.0,
    "z": -3076.109168111812,
    "axial": 825.0,
    "lateral": 250.0,
    "brain_region_id": 128,
    "brain_region": "MRN"
  },
  "channel_9": {
    "x": 926.2159994553651,
    "y": -4025.0,
    "z": -3062.56800108927,
    "axial": 840.0,
    "lateral": 250.0,
    "brain_region_id": 128,
    "brain_region": "MRN"
  },
  "channel_10": {
    "x": 932.9865829666359,
    "y": -4025.0,
    "z": -3049.026834066728,
    "axial": 855.0,
    "lateral": 250.0,
    "brain_region_id": 128,
    "brain_region": "MRN"
  },
  "channel_11": {
    "x": 940.4906728644262,
    "y": -4027.2453364322123,
    "z": -3036.2639907033604,
    "axial": 870.0,
    "lateral": 250.0,
    "brain_region_id": 128,
    "brain_region": "MRN"
  },
  "channel_12": {
    "x": 948.5830679789848,
    "y": -4031.2915339894917,
    "z": -3024.1253980315228,
    "axial": 885.0,
    "lateral": 250.0,
    "brain_region_id": 128,
    "brain_region": "MRN"
  },
  "channel_13": {
    "x": 956.6754630935429,
    "y": -4035.337731546771,
    "z": -3011.9868053596856,
    "axial": 900.0,
    "lateral": 250.0,
    "brain_region_id": 128,
    "brain_region": "MRN"
  },
  "channel_14": {
    "x": 964.767858208102,
    "y": -4039.3839291040504,
    "z": -2999.8482126878466,
    "axial": 915.0,
    "lateral": 250.0,
    "brain_region_id": 128,
    "brain_region": "MRN"
  },
  "channel_15": {
    "x": 972.8602533226606,
    "y": -4043.4301266613297,
    "z": -2987.709620016009,
    "axial": 930.0,
    "lateral": 250.0,
    "brain_region_id": 128,
    "brain_region": "MRN"
  },
  "channel_16": {
    "x": 980.9526484372186,
    "y": -4047.476324218608,
    "z": -2975.571027344172,
    "axial": 945.0,
    "lateral": 250.0,
    "brain_region_id": 128,
    "brain_region": "MRN"
  },
  "channel_17": {
    "x": 988.5476662188277,
    "y": -4049.999999999999,
    "z": -2962.904667562344,
    "axial": 960.0,
    "lateral": 250.0,
    "brain_region_id": 128,
    "brain_region": "MRN"
  },
  "channel_18": {
    "x": 995.3182497300982,
    "y": -4049.999999999999,
    "z": -2949.363500539803,
    "axial": 975.0,
    "lateral": 250.0,
    "brain_region_id": 128,
    "brain_region": "MRN"
  },
  "channel_19": {
    "x": 1002.0888332413689,
    "y": -4049.999999999999,
    "z": -2935.822333517262,
    "axial": 990.0,
    "lateral": 250.0,
    "brain_region_id": 128,
    "brain_region": "MRN"
  },
  "channel_20": {
    "x": 1008.8594167526397,
    "y": -4049.999999999999,
    "z": -2922.28116649472,
    "axial": 1005.0,
    "lateral": 250.0,
    "brain_region_id": 128,
    "brain_region": "MRN"
  },
  "channel_21": {
    "x": 1015.630000263911,
    "y": -4049.999999999999,
    "z": -2908.7399994721777,
    "axial": 1020.0,
    "lateral": 250.0,
    "brain_region_id": 128,
    "brain_region": "MRN"
  },
  "channel_22": {
    "x": 1022.4005837751815,
    "y": -4049.999999999999,
    "z": -2895.198832449637,
    "axial": 1035.0,
    "lateral": 250.0,
    "brain_region_id": 128,
    "brain_region": "MRN"
  },
  "channel_23": {
    "x": 1029.1711672864524,
    "y": -4049.999999999999,
    "z": -2881.6576654270957,
    "axial": 1050.0,
    "lateral": 250.0,
    "brain_region_id": 128,
    "brain_region": "MRN"
  },
  "channel_24": {
    "x": 1035.9417507977234,
    "y": -4049.999999999999,
    "z": -2868.1164984045536,
    "axial": 1065.0,
    "lateral": 250.0,
    "brain_region_id": 128,
    "brain_region": "MRN"
  },
  "channel_25": {
    "x": 1046.6131324164567,
    "y": -4049.999999999999,
    "z": -2857.386867583544,
    "axial": 1080.0,
    "lateral": 250.0,
    "brain_region_id": 128,
    "brain_region": "MRN"
  },
  "channel_26": {
    "x": 1057.318364908455,
    "y": -4049.999999999999,
    "z": -2846.6816350915456,
    "axial": 1095.0,
    "lateral": 250.0,
    "brain_region_id": 128,
    "brain_region": "MRN"
  },
  "channel_27": {
    "x": 1068.023597400453,
    "y": -4049.999999999999,
    "z": -2835.976402599547,
    "axial": 1110.0,
    "lateral": 250.0,
    "brain_region_id": 128,
    "brain_region": "MRN"
  },
  "channel_28": {
    "x": 1078.7288298924507,
    "y": -4049.999999999999,
    "z": -2825.271170107549,
    "axial": 1125.0,
    "lateral": 250.0,
    "brain_region_id": 128,
    "brain_region": "MRN"
  },
  "channel_29": {
    "x": 1089.4340623844487,
    "y": -4049.999999999999,
    "z": -2814.565937615551,
    "axial": 1140.0,
    "lateral": 250.0,
    "brain_region_id": 128,
    "brain_region": "MRN"
  },
  "channel_30": {
    "x": 1100.139294876447,
    "y": -4049.999999999999,
    "z": -2803.860705123553,
    "axial": 1155.0,
    "lateral": 250.0,
    "brain_region_id": 128,
    "brain_region": "MRN"
  },
  "channel_31": {
    "x": 1110.8445273684451,
    "y": -4049.999999999999,
    "z": -2793.155472631555,
    "axial": 1170.0,
    "lateral": 250.0,
    "brain_region_id": 128,
    "brain_region": "MRN"
  },
  "channel_32": {
    "x": 1121.5497598604431,
    "y": -4049.999999999999,
    "z": -2782.4502401395566,
    "axial": 1185.0,
    "lateral": 250.0,
    "brain_region_id": 128,
    "brain_region": "MRN"
  },
  "channel_33": {
    "x": 1132.2549923524411,
    "y": -4049.999999999999,
    "z": -2771.745007647559,
    "axial": 1200.0,
    "lateral": 250.0,
    "brain_region_id": 128,
    "brain_region": "MRN"
  },
  "channel_34": {
    "x": 1140.4020327070639,
    "y": -4049.999999999999,
    "z": -2759.1959345858722,
    "axial": 1215.0,
    "lateral": 250.0,
    "brain_region_id": 128,
    "brain_region": "MRN"
  },
  "channel_35": {
    "x": 1147.1726162183347,
    "y": -4049.999999999999,
    "z": -2745.65476756333,
    "axial": 1230.0,
    "lateral": 250.0,
    "brain_region_id": 128,
    "brain_region": "MRN"
  },
  "channel_36": {
    "x": 1153.9431997296053,
    "y": -4049.999999999999,
    "z": -2732.1136005407884,
    "axial": 1245.0,
    "lateral": 250.0,
    "brain_region_id": 128,
    "brain_region": "MRN"
  },
  "channel_37": {
    "x": 1160.7137832408764,
    "y": -4049.999999999999,
    "z": -2718.5724335182467,
    "axial": 1260.0,
    "lateral": 250.0,
    "brain_region_id": 128,
    "brain_region": "MRN"
  },
  "channel_38": {
    "x": 1167.4843667521473,
    "y": -4049.999999999999,
    "z": -2705.0312664957055,
    "axial": 1275.0,
    "lateral": 250.0,
    "brain_region_id": 128,
    "brain_region": "MRN"
  },
  "channel_39": {
    "x": 1174.254950263418,
    "y": -4049.999999999999,