{
  "channel_0": {
    "x": -938.9999999999998,
    "y": -3049.9999999999995,
    "z": -4783.881929138009,
    "axial": -15.0,
    "lateral": -32.0,
    "brain_region_id": 749,
    "brain_region": "VTA"
  },
  "channel_1": {
    "x": -938.9999999999998,
    "y": -3049.9999999999995,
    "z": -4766.530577786661,
    "axial": 0.0,
    "lateral": -32.0,
    "brain_region_id": 697,
    "brain_region": "ml"
  },
  "channel_2": {
    "x": -938.9999999999998,
    "y": -3049.9999999999995,
    "z": -4749.179226435311,
    "axial": 15.0,
    "lateral": -32.0,
    "brain_region_id": 697,
    "brain_region": "ml"
  },
  "channel_3": {
    "x": -938.9999999999998,
    "y": -3049.9999999999995,
    "z": -4731.827875083961,
    "axial": 30.0,
    "lateral": -32.0,
    "brain_region_id": 697,
    "brain_region": "ml"
  },
  "channel_4": {
    "x": -936.5085260379799,
    "y": -3049.9999999999995,
    "z": -4715.50852603798,
    "axial": 45.0,
    "lateral": -32.0,
    "brain_region_id": 697,
    "brain_region": "ml"
  },
  "channel_5": {
    "x": -924.2392678346905,
    "y": -3049.9999999999995,
    "z": -4703.2392678346905,
    "axial": 60.0,
    "lateral": -32.0,
    "brain_region_id": 697,
    "brain_region": "ml"
  },
  "channel_6": {
    "x": -913.9999999999999,
    "y": -3049.9999999999995,
    "z": -4690.129160089241,
    "axial": 75.0,
    "lateral": -32.0,
    "brain_region_id": 697,
    "brain_region": "ml"
  },
  "channel_7": {
    "x": -913.9999999999999,
    "y": -3049.9999999999995,
    "z": -4672.777808737892,
    "axial": 90.0,
    "lateral": -32.0,
    "brain_region_id": 697,
    "brain_region": "ml"
  },
  "channel_8": {
    "x": -913.9999999999999,
    "y": -3049.9999999999995,
    "z": -4655.426457386542,
    "axial": 105.0,
    "lateral": -32.0,
    "brain_region_id": 697,
    "brain_region": "ml"
  },
  "channel_9": {
    "x": -912.4426117836391,
    "y": -3049.9999999999995,
    "z": -4638.327835350918,
    "axial": 120.0,
    "lateral": -32.0,
    "brain_region_id": 697,
    "brain_region": "ml"
  },
  "channel_10": {
    "x": -906.9556327084288,
    "y": -3049.9999999999995,
    "z": -4621.866898125287,
    "axial": 135.0,
    "lateral": -32.0,
    "brain_region_id": 697,
    "brain_region": "ml"
  },
  "channel_11": {
    "x": -901.4686536332184,
    "y": -3049.9999999999995,
    "z": -4605.405960899656,
    "axial": 150.0,
    "lateral": -32.0,
    "brain_region_id": 697,
    "brain_region": "ml"
  },
  "channel_12": {
    "x": -895.9984169364432,
    "y": -3049.9999999999995,
    "z": -4588.995250809329,
    "axial": 165.0,
    "lateral": -32.0,
    "brain_region_id": 697,
    "brain_region": "ml"
  },
  "channel_13": {
    "x": -891.2962475461059,
    "y": -3049.9999999999995,
    "z": -4574.888742638317,
    "axial": 180.0,
    "lateral": -32.0,
    "brain_region_id": 749,
    "brain_region": "VTA"
  },
  "channel_14": {
    "x": -889.0,
    "y": -3049.9999999999995,
    "z": -4560.391807099876,
    "axial": 195.0,
    "lateral": -32.0,
    "brain_region_id": 749,
    "brain_region": "VTA"
  },
  "channel_15": {
    "x": -889.0,
    "y": -3049.9999999999995,
    "z": -4545.522241882484,
    "axial": 210.0,
    "lateral": -32.0,
    "brain_region_id": 749,
    "brain_region": "VTA"
  },
  "channel_16": {
    "x": -889.0,
    "y": -3049.9999999999995,
    "z": -4530.652676665093,
    "axial": 225.0,
    "lateral": -32.0,
    "brain_region_id": 749,
    "brain_region": "VTA"
  },
  "channel_17": {
    "x": -889.0,
    "y": -3049.9999999999995,
    "z": -4515.783111447702,
    "axial": 240.0,
    "lateral": -32.0,
    "brain_region_id": 749,
    "brain_region": "VTA"
  },
  "channel_18": {
    "x": -889.0,
    "y": -3049.9999999999995,
    "z": -4500.91354623031,
    "axial": 255.0,
    "lateral": -32.0,
    "brain_region_id": 313,
    "brain_region": "MB"
  },
  "channel_19": {
    "x": -886.1602171400904,
    "y": -3047.1602171400905,
    "z": -4487.320434280181,
    "axial": 270.0,
    "lateral": -32.0,
    "brain_region_id": 313,
    "brain_region": "MB"
  },
  "channel_20": {
    "x": -879.6890706525678,
    "y": -3040.689070652568,
    "z": -4474.378141305136,
    "axial": 285.0,
    "lateral": -32.0,
    "brain_region_id": 214,
    "brain_region": "RN"
  },
  "channel_21": {
    "x": -872.8910007445279,
    "y": -3033.8910007445274,
    "z": -4460.782001489056,
    "axial": 300.0,
    "lateral": -32.0,
    "brain_region_id": 214,
    "brain_region": "RN"
  },
  "channel_22": {
    "x": -866.0929308364882,
    "y": -3027.092930836488,
    "z": -4447.185861672977,
    "axial": 315.0,
    "lateral": -32.0,
    "brain_region_id": 214,
    "brain_region": "RN"
  },
  "channel_23": {
    "x": -869.1542216113739,
    "y": -3024.999999999999,
    "z": -4432.691556777251,
    "axial": 330.0,
    "lateral": -32.0,
    "brain_region_id": 214,
    "brain_region": "RN"
  },
  "channel_24": {
    "x": -876.6011340836347,
    "y": -3024.999999999999,
    "z": -4417.797731832729,
    "axial": 345.0,
    "lateral": -32.0,
    "brain_region_id": 214,
    "brain_region": "RN"
  },
  "channel_25": {
    "x": -884.0480465558957,
    "y": -3024.999999999999,
    "z": -4402.9039068882075,
    "axial": 360.0,
    "lateral": -32.0,
    "brain_region_id": 214,
    "brain_region": "RN"
  },
  "channel_26": {
    "x": -889.0,
    "y": -3024.999999999999,
    "z": -4387.421102011965,
    "axial": 375.0,
    "lateral": -32.0,
    "brain_region_id": 214,
    "brain_region": "RN"
  },
  "channel_27": {
    "x": -889.0,
    "y": -3024.999999999999,
    "z": -4370.769299501499,
    "axial": 390.0,
    "lateral": -32.0,
    "brain_region_id": 214,
    "brain_region": "RN"
  },
  "channel_28": {
    "x": -889.0,
    "y": -3024.999999999999,
    "z": -4354.117496991033,
    "axial": 405.0,
    "lateral": -32.0,
    "brain_region_id": 214,
    "brain_region": "RN"
  },
  "channel_29": {
    "x": -889.0,
    "y": -3026.3422662482967,
    "z": -4337.630935006809,
    "axial": 420.0,
    "lateral": -32.0,
    "brain_region_id": 214,
    "brain_region": "RN"
  },
  "channel_30": {
    "x": -889.0,
    "y": -3030.3809215781544,
    "z": -4321.476313687378,
    "axial": 435.0,
    "lateral": -32.0,
    "brain_region_id": 214,
    "brain_region": "RN"
  },
  "channel_31": {
    "x": -889.0,
    "y": -3034.419576908012,
    "z": -4305.321692367949,
    "axial": 450.0,
    "lateral": -32.0,
    "brain_region_id": 214,
    "brain_region": "RN"
  },
  "channel_32": {
    "x": -889.0,
    "y": -3038.4582322378697,
    "z": -4289.16707104852,
    "axial": 465.0,
    "lateral": -32.0,
    "brain_region_id": 214,
    "brain_region": "RN"
  },
  "channel_33": {
    "x": -889.0,
    "y": -3042.4968875677273,
    "z": -4273.01244972909,
    "axial": 480.0,
    "lateral": -32.0,
    "brain_region_id": 214,
    "brain_region": "RN"
  },
  "channel_34": {
    "x": -889.0,
    "y": -3046.5355428975845,
    "z": -4256.857828409659,
    "axial": 495.0,
    "lateral": -32.0,
    "brain_region_id": 214,
    "brain_region": "RN"
  },
  "channel_35": {
    "x": -889.7138220605093,
    "y": -3049.2861779394902,
    "z": -4240.858533818471,
    "axial": 510.0,
    "lateral": -32.0,
    "brain_region_id": 214,
    "brain_region": "RN"
  },
  "channel_36": {
    "x": -894.7345294250832,
    "y": -3044.2654705749164,
    "z": -4225.796411724749,
    "axial": 525.0,
    "lateral": -32.0,
    "brain_region_id": 214,
    "brain_region": "RN"
  },
  "channel_37": {
    "x": -899.7552367896573,
    "y": -3039.244763210342,
    "z": -4210.734289631027,
    "axial": 540.0,
    "lateral": -32.0,
    "brain_region_id": 214,
    "brain_region": "RN"
  },
  "channel_38": {
    "x": -904.7759441542313,
    "y": -3034.224055845768,
    "z": -4195.6721675373055,
    "axial": 555.0,
    "lateral": -32.0,
    "brain_region_id": 214,
    "brain_region": "RN"
  },
  "channel_39": {
    "x": -909.7966515188052,
    "y": -3029.2033484811936,
    "z": -4180.610045443585,
    "axial": 570.0,
    "lateral": -32.0,