{
  "channel_0": {
    "x": 281.4522162215109,
    "y": -3874.999999999999,
    "z": -3677.095567556978,
    "axial": -15.0,
    "lateral": -32.0,
    "brain_region_id": 128,
    "brain_region": "MRN"
  },
  "channel_1": {
    "x": 288.6705675703856,
    "y": -3874.999999999999,
    "z": -3662.6588648592287,
    "axial": 0.0,
    "lateral": -32.0,
    "brain_region_id": 128,
    "brain_region": "MRN"
  },
  "channel_2": {
    "x": 295.8889189193597,
    "y": -3874.999999999999,
    "z": -3648.2221621612807,
    "axial": 15.0,
    "lateral": -32.0,
    "brain_region_id": 128,
    "brain_region": "MRN"
  },
  "channel_3": {
    "x": 303.1072702681351,
    "y": -3874.999999999999,
    "z": -3633.78545946373,
    "axial": 30.0,
    "lateral": -32.0,
    "brain_region_id": 128,
    "brain_region": "MRN"
  },
  "channel_4": {
    "x": 310.32562161710916,
    "y": -3874.999999999999,
    "z": -3619.3487567657826,
    "axial": 45.0,
    "lateral": -32.0,
    "brain_region_id": 128,
    "brain_region": "MRN"
  },
  "channel_5": {
    "x": 315.8775894648796,
    "y": -3884.755178929757,
    "z": -3608.2448210702414,
    "axial": 60.0,
    "lateral": -32.0,
    "brain_region_id": 128,
    "brain_region": "MRN"
  },
  "channel_6": {
    "x": 321.2578308988072,
    "y": -3895.515661797613,
    "z": -3597.4843382023864,
    "axial": 75.0,
    "lateral": -32.0,
    "brain_region_id": 128,
    "brain_region": "MRN"
  },
  "channel_7": {
    "x": 326.6380723325867,
    "y": -3906.2761446651725,
    "z": -3586.7238553348275,
    "axial": 90.0,
    "lateral": -32.0,
    "brain_region_id": 128,
    "brain_region": "MRN"
  },
  "channel_8": {
    "x": 332.0183137664403,
    "y": -3917.03662753288,
    "z": -3575.9633724671203,
    "axial": 105.0,
    "lateral": -32.0,
    "brain_region_id": 128,
    "brain_region": "MRN"
  },
  "channel_9": {
    "x": 338.96678359797414,
    "y": -3925.0000000000005,
    "z": -3565.033216402026,
    "axial": 120.0,
    "lateral": -32.0,
    "brain_region_id": 128,
    "brain_region": "MRN"
  },
  "channel_10": {
    "x": 350.3799992048704,
    "y": -3925.0000000000005,
    "z": -3553.6200007951297,
    "axial": 135.0,
    "lateral": -32.0,
    "brain_region_id": 128,
    "brain_region": "MRN"
  },
  "channel_11": {
    "x": 361.0000000000002,
    "y": -3925.0000000000005,
    "z": -3541.8782248551024,
    "axial": 150.0,
    "lateral": -32.0,
    "brain_region_id": 128,
    "brain_region": "MRN"
  },
  "channel_12": {
    "x": 361.0000000000002,
    "y": -3925.0000000000005,
    "z": -3525.7375005537633,
    "axial": 165.0,
    "lateral": -32.0,
    "brain_region_id": 128,
    "brain_region": "MRN"
  },
  "channel_13": {
    "x": 361.0000000000002,
    "y": -3925.0000000000005,
    "z": -3509.5967762522027,
    "axial": 180.0,
    "lateral": -32.0,
    "brain_region_id": 128,
    "brain_region": "MRN"
  },
  "channel_14": {
    "x": 361.0000000000002,
    "y": -3925.0000000000005,
    "z": -3493.4560519506417,
    "axial": 195.0,
    "lateral": -32.0,
    "brain_region_id": 128,
    "brain_region": "MRN"
  },
  "channel_15": {
    "x": 375.0287974325871,
    "y": -3925.0000000000005,
    "z": -3485.9856012837063,
    "axial": 210.0,
    "lateral": -32.0,
    "brain_region_id": 128,
    "brain_region": "MRN"
  },
  "channel_16": {
    "x": 389.46550013033635,
    "y": -3925.0000000000005,
    "z": -3478.767249934832,
    "axial": 225.0,
    "lateral": -32.0,
    "brain_region_id": 128,
    "brain_region": "MRN"
  },
  "channel_17": {
    "x": 403.9022028280856,
    "y": -3925.0000000000005,
    "z": -3471.548898585957,
    "axial": 240.0,
    "lateral": -32.0,
    "brain_region_id": 128,
    "brain_region": "MRN"
  },
  "channel_18": {
    "x": 414.34973675315854,
    "y": -3928.3497367531586,
    "z": -3461.3005264936824,
    "axial": 255.0,
    "lateral": -32.0,
    "brain_region_id": 128,
    "brain_region": "MRN"
  },
  "channel_19": {
    "x": 420.93915985621004,
    "y": -3934.93915985621,
    "z": -3448.1216802875797,
    "axial": 270.0,
    "lateral": -32.0,
    "brain_region_id": 128,
    "brain_region": "MRN"
  },
  "channel_20": {
    "x": 427.5285829591709,
    "y": -3941.528582959171,
    "z": -3434.9428340816576,
    "axial": 285.0,
    "lateral": -32.0,
    "brain_region_id": 128,
    "brain_region": "MRN"
  },
  "channel_21": {
    "x": 434.11800606213177,
    "y": -3948.1180060621314,
    "z": -3421.763987875736,
    "axial": 300.0,
    "lateral": -32.0,
    "brain_region_id": 128,
    "brain_region": "MRN"
  },
  "channel_22": {
    "x": 441.156730283158,
    "y": -3949.9999999999995,
    "z": -3407.686539433684,
    "axial": 315.0,
    "lateral": -32.0,
    "brain_region_id": 128,
    "brain_region": "MRN"
  },
  "channel_23": {
    "x": 448.37508163193354,
    "y": -3949.9999999999995,
    "z": -3393.249836736133,
    "axial": 330.0,
    "lateral": -32.0,
    "brain_region_id": 128,
    "brain_region": "MRN"
  },
  "channel_24": {
    "x": 455.5934329809076,
    "y": -3949.9999999999995,
    "z": -3378.8131340381856,
    "axial": 345.0,
    "lateral": -32.0,
    "brain_region_id": 128,
    "brain_region": "MRN"
  },
  "channel_25": {
    "x": 462.2811249855665,
    "y": -3949.9999999999995,
    "z": -3364.1566250433016,
    "axial": 360.0,
    "lateral": -32.0,
    "brain_region_id": 128,
    "brain_region": "MRN"
  },
  "channel_26": {
    "x": 467.38527017341306,
    "y": -3949.9999999999995,
    "z": -3348.844189479762,
    "axial": 375.0,
    "lateral": -32.0,
    "brain_region_id": 128,
    "brain_region": "MRN"
  },
  "channel_27": {
    "x": 472.5109555968003,
    "y": -3949.9999999999995,
    "z": -3333.4671332096,
    "axial": 390.0,
    "lateral": -32.0,
    "brain_region_id": 128,
    "brain_region": "MRN"
  },
  "channel_28": {
    "x": 477.6609506433601,
    "y": -3949.9999999999995,
    "z": -3318.017148069921,
    "axial": 405.0,
    "lateral": -32.0,
    "brain_region_id": 795,
    "brain_region": "PAG"
  },
  "channel_29": {
    "x": 482.81094568992,
    "y": -3949.9999999999995,
    "z": -3302.567162930241,
    "axial": 420.0,
    "lateral": -32.0,
    "brain_region_id": 795,
    "brain_region": "PAG"
  },
  "channel_30": {
    "x": 490.38479678661736,
    "y": -3949.9999999999995,
    "z": -3288.615203213383,
    "axial": 435.0,
    "lateral": -32.0,
    "brain_region_id": 795,
    "brain_region": "PAG"
  },
  "channel_31": {
    "x": 501.9005357945126,
    "y": -3949.9999999999995,
    "z": -3277.099464205488,
    "axial": 450.0,
    "lateral": -32.0,
    "brain_region_id": 795,
    "brain_region": "PAG"
  },
  "channel_32": {
    "x": 512.3950369076064,
    "y": -3951.3950369076056,
    "z": -3265.2099261847875,
    "axial": 465.0,
    "lateral": -32.0,
    "brain_region_id": 795,
    "brain_region": "PAG"
  },
  "channel_33": {
    "x": 519.0436519237321,
    "y": -3958.0436519237314,
    "z": -3251.9126961525362,
    "axial": 480.0,
    "lateral": -32.0,
    "brain_region_id": 795,
    "brain_region": "PAG"
  },
  "channel_34": {
    "x": 525.6922669398576,
    "y": -3964.6922669398573,
    "z": -3238.615466120285,
    "axial": 495.0,
    "lateral": -32.0,
    "brain_region_id": 795,
    "brain_region": "PAG"
  },
  "channel_35": {
    "x": 532.3408819559833,
    "y": -3971.340881955983,
    "z": -3225.3182360880332,
    "axial": 510.0,
    "lateral": -32.0,
    "brain_region_id": 795,
    "brain_region": "PAG"
  },
  "channel_36": {
    "x": 539.274829854435,
    "y": -3975.0000000000005,
    "z": -3211.4503402911296,
    "axial": 525.0,
    "lateral": -32.0,
    "brain_region_id": 795,
    "brain_region": "PAG"
  },
  "channel_37": {
    "x": 546.5580226954344,
    "y": -3975.0000000000005,
    "z": -3196.8839546091313,
    "axial": 540.0,
    "lateral": -32.0,
    "brain_region_id": 795,
    "brain_region": "PAG"
  },
  "channel_38": {
    "x": 553.8412155364337,
    "y": -3975.0000000000005,
    "z": -3182.3175689271325,
    "axial": 555.0,
    "lateral": -32.0,
    "brain_region_id": 795,