{
  "channel_0": {
    "x": 1734.4718811290174,
    "y": -3500.0000000000005,
    "z": -4172.584356612947,
    "axial": 705.0,
    "lateral": 500.0,
    "brain_region_id": 381,
    "brain_region": "SNr"
  },
  "channel_1": {
    "x": 1738.4660207027046,
    "y": -3500.0000000000005,
    "z": -4158.135917189181,
    "axial": 720.0,
    "lateral": 500.0,
    "brain_region_id": 381,
    "brain_region": "SNr"
  },
  "channel_2": {
    "x": 1742.1040550782495,
    "y": -3500.0000000000005,
    "z": -4143.583779687002,
    "axial": 735.0,
    "lateral": 500.0,
    "brain_region_id": 313,
    "brain_region": "MB"
  },
  "channel_3": {
    "x": 1745.7420894537945,
    "y": -3500.0000000000005,
    "z": -4129.031642184822,
    "axial": 750.0,
    "lateral": 500.0,
    "brain_region_id": 313,
    "brain_region": "MB"
  },
  "channel_4": {
    "x": 1749.3801238293397,
    "y": -3500.0000000000005,
    "z": -4114.479504682641,
    "axial": 765.0,
    "lateral": 500.0,
    "brain_region_id": 313,
    "brain_region": "MB"
  },
  "channel_5": {
    "x": 1753.018158204885,
    "y": -3500.0000000000005,
    "z": -4099.927367180461,
    "axial": 780.0,
    "lateral": 500.0,
    "brain_region_id": 313,
    "brain_region": "MB"
  },
  "channel_6": {
    "x": 1756.65619258043,
    "y": -3500.0000000000005,
    "z": -4085.3752296782823,
    "axial": 795.0,
    "lateral": 500.0,
    "brain_region_id": 313,
    "brain_region": "MB"
  },
  "channel_7": {
    "x": 1760.294226955975,
    "y": -3500.0000000000005,
    "z": -4070.8230921761015,
    "axial": 810.0,
    "lateral": 500.0,
    "brain_region_id": 313,
    "brain_region": "MB"
  },
  "channel_8": {
    "x": 1763.8496457945346,
    "y": -3502.849645794535,
    "z": -4056.6014168218626,
    "axial": 825.0,
    "lateral": 500.0,
    "brain_region_id": 313,
    "brain_region": "MB"
  },
  "channel_9": {
    "x": 1767.3851797004675,
    "y": -3506.3851797004677,
    "z": -4042.4592811981315,
    "axial": 840.0,
    "lateral": 500.0,
    "brain_region_id": 313,
    "brain_region": "MB"
  },
  "channel_10": {
    "x": 1770.9207136064,
    "y": -3509.9207136063997,
    "z": -4028.3171455744005,
    "axial": 855.0,
    "lateral": 500.0,
    "brain_region_id": 313,
    "brain_region": "MB"
  },
  "channel_11": {
    "x": 1774.456247512333,
    "y": -3513.4562475123325,
    "z": -4014.17500995067,
    "axial": 870.0,
    "lateral": 500.0,
    "brain_region_id": 313,
    "brain_region": "MB"
  },
  "channel_12": {
    "x": 1777.9917814182656,
    "y": -3516.9917814182654,
    "z": -4000.032874326939,
    "axial": 885.0,
    "lateral": 500.0,
    "brain_region_id": 313,
    "brain_region": "MB"
  },
  "channel_13": {
    "x": 1781.5273153241983,
    "y": -3520.5273153241974,
    "z": -3985.8907387032077,
    "axial": 900.0,
    "lateral": 500.0,
    "brain_region_id": 313,
    "brain_region": "MB"
  },
  "channel_14": {
    "x": 1785.0628492301312,
    "y": -3524.0628492301303,
    "z": -3971.7486030794767,
    "axial": 915.0,
    "lateral": 500.0,
    "brain_region_id": 313,
    "brain_region": "MB"
  },
  "channel_15": {
    "x": 1789.4860967942966,
    "y": -3524.9999999999995,
    "z": -3957.541709617111,
    "axial": 930.0,
    "lateral": 500.0,
    "brain_region_id": 313,
    "brain_region": "MB"
  },
  "channel_16": {
    "x": 1794.2295132845488,
    "y": -3524.9999999999995,
    "z": -3943.311460146354,
    "axial": 945.0,
    "lateral": 500.0,
    "brain_region_id": 313,
    "brain_region": "MB"
  },
  "channel_17": {
    "x": 1798.9729297748015,
    "y": -3524.9999999999995,
    "z": -3929.081210675596,
    "axial": 960.0,
    "lateral": 500.0,
    "brain_region_id": 313,
    "brain_region": "MB"
  },
  "channel_18": {
    "x": 1803.7163462650542,
    "y": -3524.9999999999995,
    "z": -3914.850961204838,
    "axial": 975.0,
    "lateral": 500.0,
    "brain_region_id": 313,
    "brain_region": "MB"
  },
  "channel_19": {
    "x": 1808.4597627553062,
    "y": -3524.9999999999995,
    "z": -3900.6207117340805,
    "axial": 990.0,
    "lateral": 500.0,
    "brain_region_id": 313,
    "brain_region": "MB"
  },
  "channel_20": {
    "x": 1812.6897613454987,
    "y": -3524.9999999999995,
    "z": -3886.240954618004,
    "axial": 1005.0,
    "lateral": 500.0,
    "brain_region_id": 313,
    "brain_region": "MB"
  },
  "channel_21": {
    "x": 1816.327795721044,
    "y": -3524.9999999999995,
    "z": -3871.6888171158234,
    "axial": 1020.0,
    "lateral": 500.0,
    "brain_region_id": 313,
    "brain_region": "MB"
  },
  "channel_22": {
    "x": 1819.9658300965887,
    "y": -3524.9999999999995,
    "z": -3857.1366796136444,
    "axial": 1035.0,
    "lateral": 500.0,
    "brain_region_id": 313,
    "brain_region": "MB"
  },
  "channel_23": {
    "x": 1823.6038644721339,
    "y": -3524.9999999999995,
    "z": -3842.584542111464,
    "axial": 1050.0,
    "lateral": 500.0,
    "brain_region_id": 313,
    "brain_region": "MB"
  },
  "channel_24": {
    "x": 1827.2418988476788,
    "y": -3524.9999999999995,
    "z": -3828.0324046092837,
    "axial": 1065.0,
    "lateral": 500.0,
    "brain_region_id": 313,
    "brain_region": "MB"
  },
  "channel_25": {
    "x": 1830.8799332232238,
    "y": -3524.9999999999995,
    "z": -3813.480267107104,
    "axial": 1080.0,
    "lateral": 500.0,
    "brain_region_id": 313,
    "brain_region": "MB"
  },
  "channel_26": {
    "x": 1834.517967598769,
    "y": -3524.9999999999995,
    "z": -3798.9281296049235,
    "axial": 1095.0,
    "lateral": 500.0,
    "brain_region_id": 313,
    "brain_region": "MB"
  },
  "channel_27": {
    "x": 1840.930965164539,
    "y": -3524.9999999999995,
    "z": -3785.603552253191,
    "axial": 1110.0,
    "lateral": 500.0,
    "brain_region_id": 313,
    "brain_region": "MB"
  },
  "channel_28": {
    "x": 1849.2514681079176,
    "y": -3524.9999999999995,
    "z": -3773.122797838123,
    "axial": 1125.0,
    "lateral": 500.0,
    "brain_region_id": 313,
    "brain_region": "MB"
  },
  "channel_29": {
    "x": 1857.5719710512963,
    "y": -3524.9999999999995,
    "z": -3760.642043423055,
    "axial": 1140.0,
    "lateral": 500.0,
    "brain_region_id": 313,
    "brain_region": "MB"
  },
  "channel_30": {
    "x": 1865.8924739946742,
    "y": -3524.9999999999995,
    "z": -3748.1612890079878,
    "axial": 1155.0,
    "lateral": 500.0,
    "brain_region_id": 313,
    "brain_region": "MB"
  },
  "channel_31": {
    "x": 1874.2129769380529,
    "y": -3524.9999999999995,
    "z": -3735.6805345929197,
    "axial": 1170.0,
    "lateral": 500.0,
    "brain_region_id": 313,
    "brain_region": "MB"
  },
  "channel_32": {
    "x": 1882.5334798814313,
    "y": -3524.9999999999995,
    "z": -3723.199780177852,
    "axial": 1185.0,
    "lateral": 500.0,
    "brain_region_id": 313,
    "brain_region": "MB"
  },
  "channel_33": {
    "x": 1885.9999999999995,
    "y": -3527.1223424227032,
    "z": -3709.5106303091848,
    "axial": 1200.0,
    "lateral": 500.0,
    "brain_region_id": 313,
    "brain_region": "MB"
  },
  "channel_34": {
    "x": 1885.9999999999995,
    "y": -3530.760376798248,
    "z": -3694.9584928070044,
    "axial": 1215.0,
    "lateral": 500.0,
    "brain_region_id": 313,
    "brain_region": "MB"
  },
  "channel_35": {
    "x": 1885.9999999999995,
    "y": -3534.3984111737936,
    "z": -3680.4063553048245,
    "axial": 1230.0,
    "lateral": 500.0,
    "brain_region_id": 313,
    "brain_region": "MB"
  },
  "channel_36": {
    "x": 1885.9999999999995,
    "y": -3538.0364455493386,
    "z": -3665.854217802645,
    "axial": 1245.0,
    "lateral": 500.0,
    "brain_region_id": 313,
    "brain_region": "MB"
  },
  "channel_37": {
    "x": 1885.9999999999995,
    "y": -3541.6744799248836,
    "z": -3651.3020803004647,
    "axial": 1260.0,
    "lateral": 500.0,
    "brain_region_id": 313,
    "brain_region": "MB"
  },
  "channel_38": {
    "x": 1885.9999999999995,
    "y": -3545.3125143004286,
    "z": -3636.7499427982843,
    "axial": 1275.0,
    "lateral": 500.0,