{
  "channel_0": {
    "x": -1738.9999999999993,
    "y": -3330.1309093682776,
    "z": -3838.5236374731144,
    "axial": -15.0,
    "lateral": -282.0,
    "brain_region_id": 128,
    "brain_region": "MRN"
  },
  "channel_1": {
    "x": -1738.9999999999993,
    "y": -3326.492874992732,
    "z": -3823.971499970934,
    "axial": 0.0,
    "lateral": -282.0,
    "brain_region_id": 128,
    "brain_region": "MRN"
  },
  "channel_2": {
    "x": -1740.2508321167943,
    "y": -3324.999999999999,
    "z": -3809.244175182435,
    "axial": 15.0,
    "lateral": -282.0,
    "brain_region_id": 128,
    "brain_region": "MRN"
  },
  "channel_3": {
    "x": -1742.3721524603538,
    "y": -3324.999999999999,
    "z": -3794.394932777518,
    "axial": 30.0,
    "lateral": -282.0,
    "brain_region_id": 128,
    "brain_region": "MRN"
  },
  "channel_4": {
    "x": -1744.4934728039136,
    "y": -3324.999999999999,
    "z": -3779.5456903726,
    "axial": 45.0,
    "lateral": -282.0,
    "brain_region_id": 128,
    "brain_region": "MRN"
  },
  "channel_5": {
    "x": -1746.6147931474734,
    "y": -3324.999999999999,
    "z": -3764.696447967682,
    "axial": 60.0,
    "lateral": -282.0,
    "brain_region_id": 128,
    "brain_region": "MRN"
  },
  "channel_6": {
    "x": -1748.7361134910332,
    "y": -3324.999999999999,
    "z": -3749.8472055627644,
    "axial": 75.0,
    "lateral": -282.0,
    "brain_region_id": 128,
    "brain_region": "MRN"
  },
  "channel_7": {
    "x": -1750.8574338345927,
    "y": -3324.999999999999,
    "z": -3734.9979631578476,
    "axial": 90.0,
    "lateral": -282.0,
    "brain_region_id": 128,
    "brain_region": "MRN"
  },
  "channel_8": {
    "x": -1752.9787541781525,
    "y": -3324.999999999999,
    "z": -3720.14872075293,
    "axial": 105.0,
    "lateral": -282.0,
    "brain_region_id": 128,
    "brain_region": "MRN"
  },
  "channel_9": {
    "x": -1755.1000745217123,
    "y": -3324.999999999999,
    "z": -3705.299478348012,
    "axial": 120.0,
    "lateral": -282.0,
    "brain_region_id": 128,
    "brain_region": "MRN"
  },
  "channel_10": {
    "x": -1757.2213948652718,
    "y": -3324.999999999999,
    "z": -3690.4502359430953,
    "axial": 135.0,
    "lateral": -282.0,
    "brain_region_id": 128,
    "brain_region": "MRN"
  },
  "channel_11": {
    "x": -1759.3427152088316,
    "y": -3324.999999999999,
    "z": -3675.600993538177,
    "axial": 150.0,
    "lateral": -282.0,
    "brain_region_id": 128,
    "brain_region": "MRN"
  },
  "channel_12": {
    "x": -1761.4640355523914,
    "y": -3324.999999999999,
    "z": -3660.7517511332594,
    "axial": 165.0,
    "lateral": -282.0,
    "brain_region_id": 128,
    "brain_region": "MRN"
  },
  "channel_13": {
    "x": -1763.585355895951,
    "y": -3324.999999999999,
    "z": -3645.9025087283426,
    "axial": 180.0,
    "lateral": -282.0,
    "brain_region_id": 128,
    "brain_region": "MRN"
  },
  "channel_14": {
    "x": -1765.7066762395104,
    "y": -3324.999999999999,
    "z": -3631.0532663234253,
    "axial": 195.0,
    "lateral": -282.0,
    "brain_region_id": 128,
    "brain_region": "MRN"
  },
  "channel_15": {
    "x": -1767.8279965830702,
    "y": -3324.999999999999,
    "z": -3616.2040239185076,
    "axial": 210.0,
    "lateral": -282.0,
    "brain_region_id": 128,
    "brain_region": "MRN"
  },
  "channel_16": {
    "x": -1769.94931692663,
    "y": -3324.999999999999,
    "z": -3601.35478151359,
    "axial": 225.0,
    "lateral": -282.0,
    "brain_region_id": 128,
    "brain_region": "MRN"
  },
  "channel_17": {
    "x": -1772.0706372701895,
    "y": -3324.999999999999,
    "z": -3586.5055391086726,
    "axial": 240.0,
    "lateral": -282.0,
    "brain_region_id": 128,
    "brain_region": "MRN"
  },
  "channel_18": {
    "x": -1774.1919576137493,
    "y": -3324.999999999999,
    "z": -3571.656296703755,
    "axial": 255.0,
    "lateral": -282.0,
    "brain_region_id": 128,
    "brain_region": "MRN"
  },
  "channel_19": {
    "x": -1776.3132779573086,
    "y": -3324.999999999999,
    "z": -3556.807054298837,
    "axial": 270.0,
    "lateral": -282.0,
    "brain_region_id": 128,
    "brain_region": "MRN"
  },
  "channel_20": {
    "x": -1778.4345983008684,
    "y": -3324.999999999999,
    "z": -3541.9578118939203,
    "axial": 285.0,
    "lateral": -282.0,
    "brain_region_id": 128,
    "brain_region": "MRN"
  },
  "channel_21": {
    "x": -1780.555918644428,
    "y": -3324.999999999999,
    "z": -3527.1085694890025,
    "axial": 300.0,
    "lateral": -282.0,
    "brain_region_id": 128,
    "brain_region": "MRN"
  },
  "channel_22": {
    "x": -1782.6772389879877,
    "y": -3324.999999999999,
    "z": -3512.259327084085,
    "axial": 315.0,
    "lateral": -282.0,
    "brain_region_id": 128,
    "brain_region": "MRN"
  },
  "channel_23": {
    "x": -1784.7985593315475,
    "y": -3324.999999999999,
    "z": -3497.410084679167,
    "axial": 330.0,
    "lateral": -282.0,
    "brain_region_id": 128,
    "brain_region": "MRN"
  },
  "channel_24": {
    "x": -1786.919879675107,
    "y": -3324.999999999999,
    "z": -3482.5608422742503,
    "axial": 345.0,
    "lateral": -282.0,
    "brain_region_id": 128,
    "brain_region": "MRN"
  },
  "channel_25": {
    "x": -1789.0701435699148,
    "y": -3324.9649282150413,
    "z": -3467.7194257203396,
    "axial": 360.0,
    "lateral": -282.0,
    "brain_region_id": 128,
    "brain_region": "MRN"
  },
  "channel_26": {
    "x": -1792.6817191624878,
    "y": -3323.159140418755,
    "z": -3453.273123350047,
    "axial": 375.0,
    "lateral": -282.0,
    "brain_region_id": 128,
    "brain_region": "MRN"
  },
  "channel_27": {
    "x": -1796.2932947550607,
    "y": -3321.3533526224687,
    "z": -3438.8268209797557,
    "axial": 390.0,
    "lateral": -282.0,
    "brain_region_id": 128,
    "brain_region": "MRN"
  },
  "channel_28": {
    "x": -1799.904870347634,
    "y": -3319.547564826182,
    "z": -3424.380518609463,
    "axial": 405.0,
    "lateral": -282.0,
    "brain_region_id": 128,
    "brain_region": "MRN"
  },
  "channel_29": {
    "x": -1803.5164459402072,
    "y": -3317.7417770298957,
    "z": -3409.9342162391704,
    "axial": 420.0,
    "lateral": -282.0,
    "brain_region_id": 128,
    "brain_region": "MRN"
  },
  "channel_30": {
    "x": -1807.12802153278,
    "y": -3315.9359892336092,
    "z": -3395.487913868879,
    "axial": 435.0,
    "lateral": -282.0,
    "brain_region_id": 128,
    "brain_region": "MRN"
  },
  "channel_31": {
    "x": -1810.7395971253532,
    "y": -3314.1302014373227,
    "z": -3381.041611498586,
    "axial": 450.0,
    "lateral": -282.0,
    "brain_region_id": 128,
    "brain_region": "MRN"
  },
  "channel_32": {
    "x": -1814.3511727179261,
    "y": -3312.3244136410362,
    "z": -3366.5953091282936,
    "axial": 465.0,
    "lateral": -282.0,
    "brain_region_id": 128,
    "brain_region": "MRN"
  },
  "channel_33": {
    "x": -1817.9627483104994,
    "y": -3310.5186258447497,
    "z": -3352.149006758001,
    "axial": 480.0,
    "lateral": -282.0,
    "brain_region_id": 128,
    "brain_region": "MRN"
  },
  "channel_34": {
    "x": -1821.5743239030721,
    "y": -3308.7128380484633,
    "z": -3337.702704387709,
    "axial": 495.0,
    "lateral": -282.0,
    "brain_region_id": 128,
    "brain_region": "MRN"
  },
  "channel_35": {
    "x": -1825.1858994956453,
    "y": -3306.9070502521768,
    "z": -3323.256402017417,
    "axial": 510.0,
    "lateral": -282.0,
    "brain_region_id": 128,
    "brain_region": "MRN"
  },
  "channel_36": {
    "x": -1828.7974750882183,
    "y": -3305.1012624558903,
    "z": -3308.8100996471244,
    "axial": 525.0,
    "lateral": -282.0,
    "brain_region_id": 128,
    "brain_region": "MRN"
  },
  "channel_37": {
    "x": -1832.4090506807916,
    "y": -3303.295474659604,
    "z": -3294.3637972768324,
    "axial": 540.0,
    "lateral": -282.0,
    "brain_region_id": 128,
    "brain_region": "MRN"
  },
  "channel_38": {
    "x": -1836.0206262733645,
    "y": -3301.4896868633173,