{
  "channel_0": {
    "x": 1213.2992965869664,
    "y": -3520.401406826067,
    "z": -4663.401406826067,
    "axial": -15.0,
    "lateral": -32.0,
    "brain_region_id": 313,
    "brain_region": "MB"
  },
  "channel_1": {
    "x": 1218.2992965869664,
    "y": -3510.401406826067,
    "z": -4653.401406826067,
    "axial": 0.0,
    "lateral": -32.0,
    "brain_region_id": 313,
    "brain_region": "MB"
  },
  "channel_2": {
    "x": 1223.2992965869666,
    "y": -3500.4014068260667,
    "z": -4643.401406826067,
    "axial": 15.0,
    "lateral": -32.0,
    "brain_region_id": 313,
    "brain_region": "MB"
  },
  "channel_3": {
    "x": 1228.2992965869666,
    "y": -3490.401406826067,
    "z": -4633.401406826068,
    "axial": 30.0,
    "lateral": -32.0,
    "brain_region_id": 313,
    "brain_region": "MB"
  },
  "channel_4": {
    "x": 1233.2992965869666,
    "y": -3480.4014068260667,
    "z": -4623.401406826067,
    "axial": 45.0,
    "lateral": -32.0,
    "brain_region_id": 313,
    "brain_region": "MB"
  },
  "channel_5": {
    "x": 1239.0848300813343,
    "y": -3475.0,
    "z": -4611.830339837331,
    "axial": 60.0,
    "lateral": -32.0,
    "brain_region_id": 313,
    "brain_region": "MB"
  },
  "channel_6": {
    "x": 1245.793034013834,
    "y": -3475.0,
    "z": -4598.413931972333,
    "axial": 75.0,
    "lateral": -32.0,
    "brain_region_id": 313,
    "brain_region": "MB"
  },
  "channel_7": {
    "x": 1252.5012379463328,
    "y": -3475.0,
    "z": -4584.997524107334,
    "axial": 90.0,
    "lateral": -32.0,
    "brain_region_id": 313,
    "brain_region": "MB"
  },
  "channel_8": {
    "x": 1259.2094418788324,
    "y": -3475.0,
    "z": -4571.581116242335,
    "axial": 105.0,
    "lateral": -32.0,
    "brain_region_id": 313,
    "brain_region": "MB"
  },
  "channel_9": {
    "x": 1265.9176458113318,
    "y": -3475.0,
    "z": -4558.164708377336,
    "axial": 120.0,
    "lateral": -32.0,
    "brain_region_id": 313,
    "brain_region": "MB"
  },
  "channel_10": {
    "x": 1272.6258497438307,
    "y": -3475.0,
    "z": -4544.748300512338,
    "axial": 135.0,
    "lateral": -32.0,
    "brain_region_id": 313,
    "brain_region": "MB"
  },
  "channel_11": {
    "x": 1279.33405367633,
    "y": -3475.0,
    "z": -4531.331892647339,
    "axial": 150.0,
    "lateral": -32.0,
    "brain_region_id": 313,
    "brain_region": "MB"
  },
  "channel_12": {
    "x": 1286.0229174060742,
    "y": -3475.0,
    "z": -4517.908330375702,
    "axial": 165.0,
    "lateral": -32.0,
    "brain_region_id": 313,
    "brain_region": "MB"
  },
  "channel_13": {
    "x": 1289.660951781619,
    "y": -3475.0,
    "z": -4503.356192873523,
    "axial": 180.0,
    "lateral": -32.0,
    "brain_region_id": 313,
    "brain_region": "MB"
  },
  "channel_14": {
    "x": 1293.298986157164,
    "y": -3475.0,
    "z": -4488.804055371342,
    "axial": 195.0,
    "lateral": -32.0,
    "brain_region_id": 313,
    "brain_region": "MB"
  },
  "channel_15": {
    "x": 1296.937020532709,
    "y": -3475.0,
    "z": -4474.251917869162,
    "axial": 210.0,
    "lateral": -32.0,
    "brain_region_id": 313,
    "brain_region": "MB"
  },
  "channel_16": {
    "x": 1300.575054908254,
    "y": -3475.0,
    "z": -4459.699780366982,
    "axial": 225.0,
    "lateral": -32.0,
    "brain_region_id": 313,
    "brain_region": "MB"
  },
  "channel_17": {
    "x": 1304.213089283799,
    "y": -3475.0,
    "z": -4445.147642864802,
    "axial": 240.0,
    "lateral": -32.0,
    "brain_region_id": 313,
    "brain_region": "MB"
  },
  "channel_18": {
    "x": 1307.851123659344,
    "y": -3475.0,
    "z": -4430.595505362622,
    "axial": 255.0,
    "lateral": -32.0,
    "brain_region_id": 313,
    "brain_region": "MB"
  },
  "channel_19": {
    "x": 1311.637784047515,
    "y": -3475.0,
    "z": -4416.086647857454,
    "axial": 270.0,
    "lateral": -32.0,
    "brain_region_id": 313,
    "brain_region": "MB"
  },
  "channel_20": {
    "x": 1316.3812005377672,
    "y": -3475.0,
    "z": -4401.856398386697,
    "axial": 285.0,
    "lateral": -32.0,
    "brain_region_id": 313,
    "brain_region": "MB"
  },
  "channel_21": {
    "x": 1321.126262641918,
    "y": -3475.0,
    "z": -4387.621212074246,
    "axial": 300.0,
    "lateral": -32.0,
    "brain_region_id": 313,
    "brain_region": "MB"
  },
  "channel_22": {
    "x": 1325.898779846835,
    "y": -3475.0,
    "z": -4373.303660459495,
    "axial": 315.0,
    "lateral": -32.0,
    "brain_region_id": 374,
    "brain_region": "SNc"
  },
  "channel_23": {
    "x": 1330.6712970517517,
    "y": -3475.0,
    "z": -4358.986108844745,
    "axial": 330.0,
    "lateral": -32.0,
    "brain_region_id": 374,
    "brain_region": "SNc"
  },
  "channel_24": {
    "x": 1335.4438142566682,
    "y": -3475.0,
    "z": -4344.668557229996,
    "axial": 345.0,
    "lateral": -32.0,
    "brain_region_id": 374,
    "brain_region": "SNc"
  },
  "channel_25": {
    "x": 1339.2337786124115,
    "y": -3475.0,
    "z": -4330.064885550355,
    "axial": 360.0,
    "lateral": -32.0,
    "brain_region_id": 313,
    "brain_region": "MB"
  },
  "channel_26": {
    "x": 1342.8941322172543,
    "y": -3475.0,
    "z": -4315.423471130984,
    "axial": 375.0,
    "lateral": -32.0,
    "brain_region_id": 313,
    "brain_region": "MB"
  },
  "channel_27": {
    "x": 1346.5544858220971,
    "y": -3475.0,
    "z": -4300.782056711612,
    "axial": 390.0,
    "lateral": -32.0,
    "brain_region_id": 313,
    "brain_region": "MB"
  },
  "channel_28": {
    "x": 1350.2148394269398,
    "y": -3475.0,
    "z": -4286.140642292241,
    "axial": 405.0,
    "lateral": -32.0,
    "brain_region_id": 374,
    "brain_region": "SNc"
  },
  "channel_29": {
    "x": 1353.8751930317826,
    "y": -3475.0,
    "z": -4271.49922787287,
    "axial": 420.0,
    "lateral": -32.0,
    "brain_region_id": 313,
    "brain_region": "MB"
  },
  "channel_30": {
    "x": 1357.5355466366252,
    "y": -3475.0,
    "z": -4256.857813453499,
    "axial": 435.0,
    "lateral": -32.0,
    "brain_region_id": 313,
    "brain_region": "MB"
  },
  "channel_31": {
    "x": 1361.2554226650718,
    "y": -3475.0,
    "z": -4242.2337320047845,
    "axial": 450.0,
    "lateral": -32.0,
    "brain_region_id": 313,
    "brain_region": "MB"
  },
  "channel_32": {
    "x": 1366.0143291835743,
    "y": -3475.0,
    "z": -4227.957012449277,
    "axial": 465.0,
    "lateral": -32.0,
    "brain_region_id": 128,
    "brain_region": "MRN"
  },
  "channel_33": {
    "x": 1370.757745673827,
    "y": -3475.0,
    "z": -4213.726762978519,
    "axial": 480.0,
    "lateral": -32.0,
    "brain_region_id": 128,
    "brain_region": "MRN"
  },
  "channel_34": {
    "x": 1375.5011621640797,
    "y": -3475.0,
    "z": -4199.496513507762,
    "axial": 495.0,
    "lateral": -32.0,
    "brain_region_id": 128,
    "brain_region": "MRN"
  },
  "channel_35": {
    "x": 1380.244578654332,
    "y": -3475.0,
    "z": -4185.2662640370045,
    "axial": 510.0,
    "lateral": -32.0,
    "brain_region_id": 128,
    "brain_region": "MRN"
  },
  "channel_36": {
    "x": 1384.9879951445846,
    "y": -3475.0,
    "z": -4171.036014566246,
    "axial": 525.0,
    "lateral": -32.0,
    "brain_region_id": 128,
    "brain_region": "MRN"
  },
  "channel_37": {
    "x": 1388.7812300225098,
    "y": -3477.78123002251,
    "z": -4156.875079909961,
    "axial": 540.0,
    "lateral": -32.0,
    "brain_region_id": 128,
    "brain_region": "MRN"
  },
  "channel_38": {
    "x": 1392.3167639284427,
    "y": -3481.3167639284425,
    "z": -4142.732944286229,
    "axial": 555.0,
    "lateral": -32.0,
    "brain_region_id": 128,
    "brain_region": "MRN"
  },
  "channel_39": {
    "x": 1395.8522978343751,
    "y": -3484.8522978343753,
    "z": -4128.590808662499,
    "axial": 570.0,
    "lateral": -32.0,
    "brain_region_id": 128,
    "brain_region": "MRN"
  },
  "channel_40": {
    "x": 1399.3878317403082,
    "y": -3488.3878317403082,
    "z": -4114.448673038768,
    "axial": 585.0,
    "lateral": -32.0,