{
  "channel_0": {
    "x": -677.3442229824763,
    "y": -3000.0,
    "z": -4141.311554035047,
    "axial": 705.0,
    "lateral": 250.0,
    "brain_region_id": 214,
    "brain_region": "RN"
  },
  "channel_1": {
    "x": -683.9753211226481,
    "y": -3000.0,
    "z": -4128.049357754703,
    "axial": 720.0,
    "lateral": 250.0,
    "brain_region_id": 214,
    "brain_region": "RN"
  },
  "channel_2": {
    "x": -688.9999999999995,
    "y": -3000.0,
    "z": -4114.407937327969,
    "axial": 735.0,
    "lateral": 250.0,
    "brain_region_id": 214,
    "brain_region": "RN"
  },
  "channel_3": {
    "x": -688.9999999999995,
    "y": -3000.0,
    "z": -4099.580351121072,
    "axial": 750.0,
    "lateral": 250.0,
    "brain_region_id": 214,
    "brain_region": "RN"
  },
  "channel_4": {
    "x": -688.9999999999995,
    "y": -3000.0,
    "z": -4084.7527649141757,
    "axial": 765.0,
    "lateral": 250.0,
    "brain_region_id": 214,
    "brain_region": "RN"
  },
  "channel_5": {
    "x": -688.9999999999995,
    "y": -3000.0,
    "z": -4069.9251787072794,
    "axial": 780.0,
    "lateral": 250.0,
    "brain_region_id": 214,
    "brain_region": "RN"
  },
  "channel_6": {
    "x": -688.9999999999995,
    "y": -3000.0,
    "z": -4055.0975925003827,
    "axial": 795.0,
    "lateral": 250.0,
    "brain_region_id": 214,
    "brain_region": "RN"
  },
  "channel_7": {
    "x": -688.9999999999995,
    "y": -3000.0,
    "z": -4040.270006293486,
    "axial": 810.0,
    "lateral": 250.0,
    "brain_region_id": 214,
    "brain_region": "RN"
  },
  "channel_8": {
    "x": -688.9999999999995,
    "y": -3000.0,
    "z": -4025.442420086589,
    "axial": 825.0,
    "lateral": 250.0,
    "brain_region_id": 214,
    "brain_region": "RN"
  },
  "channel_9": {
    "x": -691.3353945838875,
    "y": -3000.0,
    "z": -4010.9938162483363,
    "axial": 840.0,
    "lateral": 250.0,
    "brain_region_id": 214,
    "brain_region": "RN"
  },
  "channel_10": {
    "x": -696.0242890455163,
    "y": -3000.0,
    "z": -3996.9271328634495,
    "axial": 855.0,
    "lateral": 250.0,
    "brain_region_id": 214,
    "brain_region": "RN"
  },
  "channel_11": {
    "x": -700.7131835071452,
    "y": -3000.0,
    "z": -3982.8604494785623,
    "axial": 870.0,
    "lateral": 250.0,
    "brain_region_id": 214,
    "brain_region": "RN"
  },
  "channel_12": {
    "x": -705.4020779687742,
    "y": -3000.0,
    "z": -3968.7937660936755,
    "axial": 885.0,
    "lateral": 250.0,
    "brain_region_id": 214,
    "brain_region": "RN"
  },
  "channel_13": {
    "x": -710.0909724304031,
    "y": -3000.0,
    "z": -3954.7270827087887,
    "axial": 900.0,
    "lateral": 250.0,
    "brain_region_id": 214,
    "brain_region": "RN"
  },
  "channel_14": {
    "x": -714.779866892032,
    "y": -3000.0,
    "z": -3940.6603993239014,
    "axial": 915.0,
    "lateral": 250.0,
    "brain_region_id": 214,
    "brain_region": "RN"
  },
  "channel_15": {
    "x": -719.4687613536612,
    "y": -3000.0,
    "z": -3926.5937159390146,
    "axial": 930.0,
    "lateral": 250.0,
    "brain_region_id": 214,
    "brain_region": "RN"
  },
  "channel_16": {
    "x": -724.1576558152904,
    "y": -3000.0,
    "z": -3912.527032554128,
    "axial": 945.0,
    "lateral": 250.0,
    "brain_region_id": 214,
    "brain_region": "RN"
  },
  "channel_17": {
    "x": -728.8465502769194,
    "y": -3000.0,
    "z": -3898.4603491692405,
    "axial": 960.0,
    "lateral": 250.0,
    "brain_region_id": 214,
    "brain_region": "RN"
  },
  "channel_18": {
    "x": -733.5354447385486,
    "y": -3000.0,
    "z": -3884.3936657843537,
    "axial": 975.0,
    "lateral": 250.0,
    "brain_region_id": 214,
    "brain_region": "RN"
  },
  "channel_19": {
    "x": -738.2243392001777,
    "y": -3000.0,
    "z": -3870.326982399467,
    "axial": 990.0,
    "lateral": 250.0,
    "brain_region_id": 214,
    "brain_region": "RN"
  },
  "channel_20": {
    "x": -744.534148117262,
    "y": -3000.0,
    "z": -3856.931703765476,
    "axial": 1005.0,
    "lateral": 250.0,
    "brain_region_id": 214,
    "brain_region": "RN"
  },
  "channel_21": {
    "x": -751.1652462574338,
    "y": -3000.0,
    "z": -3843.6695074851327,
    "axial": 1020.0,
    "lateral": 250.0,
    "brain_region_id": 214,
    "brain_region": "RN"
  },
  "channel_22": {
    "x": -757.7963443976054,
    "y": -3000.0,
    "z": -3830.4073112047895,
    "axial": 1035.0,
    "lateral": 250.0,
    "brain_region_id": 214,
    "brain_region": "RN"
  },
  "channel_23": {
    "x": -763.9999999999999,
    "y": -3000.0,
    "z": -3817.044209429055,
    "axial": 1050.0,
    "lateral": 250.0,
    "brain_region_id": 214,
    "brain_region": "RN"
  },
  "channel_24": {
    "x": -763.9999999999999,
    "y": -3000.0,
    "z": -3802.216623222159,
    "axial": 1065.0,
    "lateral": 250.0,
    "brain_region_id": 214,
    "brain_region": "RN"
  },
  "channel_25": {
    "x": -763.9999999999999,
    "y": -3000.0,
    "z": -3787.389037015262,
    "axial": 1080.0,
    "lateral": 250.0,
    "brain_region_id": 214,
    "brain_region": "RN"
  },
  "channel_26": {
    "x": -763.9999999999999,
    "y": -3000.0,
    "z": -3772.561450808366,
    "axial": 1095.0,
    "lateral": 250.0,
    "brain_region_id": 214,
    "brain_region": "RN"
  },
  "channel_27": {
    "x": -763.9999999999999,
    "y": -3000.0,
    "z": -3757.7161968732375,
    "axial": 1110.0,
    "lateral": 250.0,
    "brain_region_id": 214,
    "brain_region": "RN"
  },
  "channel_28": {
    "x": -764.0481368010285,
    "y": -3000.0,
    "z": -3742.8074527958856,
    "axial": 1125.0,
    "lateral": 250.0,
    "brain_region_id": 128,
    "brain_region": "MRN"
  },
  "channel_29": {
    "x": -767.6654756088654,
    "y": -3000.0,
    "z": -3728.3380975645373,
    "axial": 1140.0,
    "lateral": 250.0,
    "brain_region_id": 128,
    "brain_region": "MRN"
  },
  "channel_30": {
    "x": -771.2828144167024,
    "y": -3000.0,
    "z": -3713.86874233319,
    "axial": 1155.0,
    "lateral": 250.0,
    "brain_region_id": 128,
    "brain_region": "MRN"
  },
  "channel_31": {
    "x": -774.9001532245394,
    "y": -3000.0,
    "z": -3699.3993871018415,
    "axial": 1170.0,
    "lateral": 250.0,
    "brain_region_id": 128,
    "brain_region": "MRN"
  },
  "channel_32": {
    "x": -778.5174920323764,
    "y": -3000.0,
    "z": -3684.9300318704936,
    "axial": 1185.0,
    "lateral": 250.0,
    "brain_region_id": 128,
    "brain_region": "MRN"
  },
  "channel_33": {
    "x": -782.1348308402133,
    "y": -3000.0,
    "z": -3670.4606766391457,
    "axial": 1200.0,
    "lateral": 250.0,
    "brain_region_id": 128,
    "brain_region": "MRN"
  },
  "channel_34": {
    "x": -785.7521696480504,
    "y": -3000.0,
    "z": -3655.9913214077974,
    "axial": 1215.0,
    "lateral": 250.0,
    "brain_region_id": 128,
    "brain_region": "MRN"
  },
  "channel_35": {
    "x": -788.3186600727195,
    "y": -3000.0,
    "z": -3641.637320145439,
    "axial": 1230.0,
    "lateral": 250.0,
    "brain_region_id": 128,
    "brain_region": "MRN"
  },
  "channel_36": {
    "x": -781.6486168815306,
    "y": -3000.0,
    "z": -3628.2972337630613,
    "axial": 1245.0,
    "lateral": 250.0,
    "brain_region_id": 128,
    "brain_region": "MRN"
  },
  "channel_37": {
    "x": -774.9785736903419,
    "y": -3000.0,
    "z": -3614.9571473806836,
    "axial": 1260.0,
    "lateral": 250.0,
    "brain_region_id": 128,
    "brain_region": "MRN"
  },
  "channel_38": {
    "x": -768.3085304991532,
    "y": -3000.0,
    "z": -3601.6170609983064,
    "axial": 1275.0,
    "lateral": 250.0,
    "brain_region_id": 128,
    "brain_region": "MRN"
  },
  "channel_39": {
    "x": -765.2807100735695,
    "y": -3000.0,
    "z": -3587.8771597057216,
    "axial": 1290.0,
    "lateral": 250.0,
    "brain_region_id": 128,
    "brain_region": "MRN"
  },
  "channel_40": {
    "x": -768.8980488814066,
    "y": -3000.0,
    "z": -3573.4078044743733,
    "axial": 1305.0,
    "lateral": 250.0,
    "brain_region_id": 128,