{
  "channel_0": {
    "x": 117.16264629571349,
    "y": -4100.0,
    "z": -4171.256030556428,
    "axial": -15.0,
    "lateral": -282.0,
    "brain_region_id": 812,
    "brain_region": "dscp"
  },
  "channel_1": {
    "x": 125.14620929689478,
    "y": -4100.0,
    "z": -4159.280686054657,
    "axial": 0.0,
    "lateral": -282.0,
    "brain_region_id": 313,
    "brain_region": "MB"
  },
  "channel_2": {
    "x": 133.12977229813765,
    "y": -4100.0,
    "z": -4147.305341552794,
    "axial": 15.0,
    "lateral": -282.0,
    "brain_region_id": 313,
    "brain_region": "MB"
  },
  "channel_3": {
    "x": 141.1133352992574,
    "y": -4100.0,
    "z": -4135.329997051113,
    "axial": 30.0,
    "lateral": -282.0,
    "brain_region_id": 313,
    "brain_region": "MB"
  },
  "channel_4": {
    "x": 149.09689830043868,
    "y": -4100.0,
    "z": -4123.354652549342,
    "axial": 45.0,
    "lateral": -282.0,
    "brain_region_id": 313,
    "brain_region": "MB"
  },
  "channel_5": {
    "x": 157.0804613015584,
    "y": -4100.0,
    "z": -4111.379308047662,
    "axial": 60.0,
    "lateral": -282.0,
    "brain_region_id": 313,
    "brain_region": "MB"
  },
  "channel_6": {
    "x": 165.06402430280124,
    "y": -4100.0,
    "z": -4099.403963545798,
    "axial": 75.0,
    "lateral": -282.0,
    "brain_region_id": 313,
    "brain_region": "MB"
  },
  "channel_7": {
    "x": 173.04758730385936,
    "y": -4100.0,
    "z": -4087.428619044211,
    "axial": 90.0,
    "lateral": -282.0,
    "brain_region_id": 313,
    "brain_region": "MB"
  },
  "channel_8": {
    "x": 181.03115030510224,
    "y": -4100.0,
    "z": -4075.453274542347,
    "axial": 105.0,
    "lateral": -282.0,
    "brain_region_id": 313,
    "brain_region": "MB"
  },
  "channel_9": {
    "x": 187.4930685898592,
    "y": -4100.0,
    "z": -4062.7742599354942,
    "axial": 120.0,
    "lateral": -282.0,
    "brain_region_id": 313,
    "brain_region": "MB"
  },
  "channel_10": {
    "x": 191.64790954086857,
    "y": -4100.0,
    "z": -4048.232316606961,
    "axial": 135.0,
    "lateral": -282.0,
    "brain_region_id": 681,
    "brain_region": "mtg"
  },
  "channel_11": {
    "x": 195.83023118945502,
    "y": -4100.0,
    "z": -4033.5941908369086,
    "axial": 150.0,
    "lateral": -282.0,
    "brain_region_id": 681,
    "brain_region": "mtg"
  },
  "channel_12": {
    "x": 200.01255283804153,
    "y": -4100.0,
    "z": -4018.9560650668554,
    "axial": 165.0,
    "lateral": -282.0,
    "brain_region_id": 681,
    "brain_region": "mtg"
  },
  "channel_13": {
    "x": 204.19487448662798,
    "y": -4100.0,
    "z": -4004.317939296803,
    "axial": 180.0,
    "lateral": -282.0,
    "brain_region_id": 681,
    "brain_region": "mtg"
  },
  "channel_14": {
    "x": 208.37719613521446,
    "y": -4100.0,
    "z": -3989.67981352675,
    "axial": 195.0,
    "lateral": -282.0,
    "brain_region_id": 681,
    "brain_region": "mtg"
  },
  "channel_15": {
    "x": 212.55951778380094,
    "y": -4100.0,
    "z": -3975.0416877566972,
    "axial": 210.0,
    "lateral": -282.0,
    "brain_region_id": 681,
    "brain_region": "mtg"
  },
  "channel_16": {
    "x": 216.74183943238742,
    "y": -4100.0,
    "z": -3960.403561986644,
    "axial": 225.0,
    "lateral": -282.0,
    "brain_region_id": 681,
    "brain_region": "mtg"
  },
  "channel_17": {
    "x": 220.9241610809739,
    "y": -4100.0,
    "z": -3945.7654362165918,
    "axial": 240.0,
    "lateral": -282.0,
    "brain_region_id": 681,
    "brain_region": "mtg"
  },
  "channel_18": {
    "x": 225.0621518594326,
    "y": -4100.0,
    "z": -3931.282468491986,
    "axial": 255.0,
    "lateral": -282.0,
    "brain_region_id": 313,
    "brain_region": "MB"
  },
  "channel_19": {
    "x": 228.99076963480005,
    "y": -4100.0,
    "z": -3917.5323062782004,
    "axial": 270.0,
    "lateral": -282.0,
    "brain_region_id": 128,
    "brain_region": "MRN"
  },
  "channel_20": {
    "x": 232.91938741016753,
    "y": -4100.0,
    "z": -3903.782144064414,
    "axial": 285.0,
    "lateral": -282.0,
    "brain_region_id": 128,
    "brain_region": "MRN"
  },
  "channel_21": {
    "x": 237.79415761021775,
    "y": -4100.0,
    "z": -3890.4881793456952,
    "axial": 300.0,
    "lateral": -282.0,
    "brain_region_id": 128,
    "brain_region": "MRN"
  },
  "channel_22": {
    "x": 246.10608730067938,
    "y": -4100.0,
    "z": -3878.8514777790488,
    "axial": 315.0,
    "lateral": -282.0,
    "brain_region_id": 128,
    "brain_region": "MRN"
  },
  "channel_23": {
    "x": 254.41801699114103,
    "y": -4100.0,
    "z": -3867.2147762124023,
    "axial": 330.0,
    "lateral": -282.0,
    "brain_region_id": 128,
    "brain_region": "MRN"
  },
  "channel_24": {
    "x": 262.7299466816025,
    "y": -4100.0,
    "z": -3855.5780746457567,
    "axial": 345.0,
    "lateral": -282.0,
    "brain_region_id": 128,
    "brain_region": "MRN"
  },
  "channel_25": {
    "x": 271.0418763720641,
    "y": -4100.0,
    "z": -3843.9413730791102,
    "axial": 360.0,
    "lateral": -282.0,
    "brain_region_id": 128,
    "brain_region": "MRN"
  },
  "channel_26": {
    "x": 279.35380606252573,
    "y": -4100.0,
    "z": -3832.304671512464,
    "axial": 375.0,
    "lateral": -282.0,
    "brain_region_id": 128,
    "brain_region": "MRN"
  },
  "channel_27": {
    "x": 287.6657357529872,
    "y": -4100.0,
    "z": -3820.6679699458177,
    "axial": 390.0,
    "lateral": -282.0,
    "brain_region_id": 128,
    "brain_region": "MRN"
  },
  "channel_28": {
    "x": 295.9776654434488,
    "y": -4100.0,
    "z": -3809.0312683791717,
    "axial": 405.0,
    "lateral": -282.0,
    "brain_region_id": 128,
    "brain_region": "MRN"
  },
  "channel_29": {
    "x": 304.2895951339105,
    "y": -4100.0,
    "z": -3797.394566812525,
    "axial": 420.0,
    "lateral": -282.0,
    "brain_region_id": 128,
    "brain_region": "MRN"
  },
  "channel_30": {
    "x": 312.6015248243719,
    "y": -4100.0,
    "z": -3785.7578652458797,
    "axial": 435.0,
    "lateral": -282.0,
    "brain_region_id": 128,
    "brain_region": "MRN"
  },
  "channel_31": {
    "x": 320.9134545148335,
    "y": -4100.0,
    "z": -3774.121163679233,
    "axial": 450.0,
    "lateral": -282.0,
    "brain_region_id": 128,
    "brain_region": "MRN"
  },
  "channel_32": {
    "x": 329.2253842052952,
    "y": -4100.0,
    "z": -3762.4844621125867,
    "axial": 465.0,
    "lateral": -282.0,
    "brain_region_id": 128,
    "brain_region": "MRN"
  },
  "channel_33": {
    "x": 337.53731389575654,
    "y": -4100.0,
    "z": -3750.847760545941,
    "axial": 480.0,
    "lateral": -282.0,
    "brain_region_id": 128,
    "brain_region": "MRN"
  },
  "channel_34": {
    "x": 345.8492435862182,
    "y": -4100.0,
    "z": -3739.2110589792946,
    "axial": 495.0,
    "lateral": -282.0,
    "brain_region_id": 128,
    "brain_region": "MRN"
  },
  "channel_35": {
    "x": 354.16117327667985,
    "y": -4100.0,
    "z": -3727.5743574126486,
    "axial": 510.0,
    "lateral": -282.0,
    "brain_region_id": 128,
    "brain_region": "MRN"
  },
  "channel_36": {
    "x": 362.2574255272719,
    "y": -4100.0,
    "z": -3715.7995053272743,
    "axial": 525.0,
    "lateral": -282.0,
    "brain_region_id": 128,
    "brain_region": "MRN"
  },
  "channel_37": {
    "x": 369.3524031403835,
    "y": -4100.0,
    "z": -3703.383294504329,
    "axial": 540.0,
    "lateral": -282.0,
    "brain_region_id": 128,
    "brain_region": "MRN"
  },
  "channel_38": {
    "x": 376.44738075349466,
    "y": -4100.0,
    "z": -3690.967083681385,
    "axial": 555.0,
    "lateral": -282.0,
    "brain_region_id": 128,
    "brain_region": "MRN"
  },
  "channel_39": {
    "x": 383.54235836660587,
    "y": -4100.0,
    "z": -3678.55087285844,
    "axial": 570.0,
    "lateral": -282.0,
    "brain_region_id": 128,
    "brain_region": "MRN"
  },
  "channel_40": {
    "x": 390.63733597971753,
    "y": -4100.0,
    "z": -3666.134662035495,
    "axial": 585.0,
    "lateral": -282.0,
    "brain_region_id": 128,