{
  "channel_0": {
    "x": 1962.7572289045909,
    "y": -2600.000000000001,
    "z": -4487.728313286227,
    "axial": 705.0,
    "lateral": 250.0,
    "brain_region_id": 313,
    "brain_region": "MB"
  },
  "channel_1": {
    "x": 1967.3903486905845,
    "y": -2600.000000000001,
    "z": -4473.828953928246,
    "axial": 720.0,
    "lateral": 250.0,
    "brain_region_id": 797,
    "brain_region": "ZI"
  },
  "channel_2": {
    "x": 1971.8873539345902,
    "y": -2600.000000000001,
    "z": -4460.3379381962295,
    "axial": 735.0,
    "lateral": 250.0,
    "brain_region_id": 797,
    "brain_region": "ZI"
  },
  "channel_3": {
    "x": 1976.384359178596,
    "y": -2600.000000000001,
    "z": -4446.846922464212,
    "axial": 750.0,
    "lateral": 250.0,
    "brain_region_id": 797,
    "brain_region": "ZI"
  },
  "channel_4": {
    "x": 1980.8813644226013,
    "y": -2600.000000000001,
    "z": -4433.355906732196,
    "axial": 765.0,
    "lateral": 250.0,
    "brain_region_id": 797,
    "brain_region": "ZI"
  },
  "channel_5": {
    "x": 1985.378369666607,
    "y": -2600.000000000001,
    "z": -4419.864891000178,
    "axial": 780.0,
    "lateral": 250.0,
    "brain_region_id": 797,
    "brain_region": "ZI"
  },
  "channel_6": {
    "x": 1989.875374910613,
    "y": -2600.000000000001,
    "z": -4406.373875268162,
    "axial": 795.0,
    "lateral": 250.0,
    "brain_region_id": 797,
    "brain_region": "ZI"
  },
  "channel_7": {
    "x": 1994.3723801546187,
    "y": -2600.000000000001,
    "z": -4392.882859536145,
    "axial": 810.0,
    "lateral": 250.0,
    "brain_region_id": 797,
    "brain_region": "ZI"
  },
  "channel_8": {
    "x": 1998.869385398624,
    "y": -2600.000000000001,
    "z": -4379.391843804127,
    "axial": 825.0,
    "lateral": 250.0,
    "brain_region_id": 797,
    "brain_region": "ZI"
  },
  "channel_9": {
    "x": 2003.3663906426298,
    "y": -2600.000000000001,
    "z": -4365.90082807211,
    "axial": 840.0,
    "lateral": 250.0,
    "brain_region_id": 797,
    "brain_region": "ZI"
  },
  "channel_10": {
    "x": 2007.8633958866355,
    "y": -2600.000000000001,
    "z": -4352.409812340094,
    "axial": 855.0,
    "lateral": 250.0,
    "brain_region_id": 797,
    "brain_region": "ZI"
  },
  "channel_11": {
    "x": 2012.3604011306413,
    "y": -2600.000000000001,
    "z": -4338.918796608076,
    "axial": 870.0,
    "lateral": 250.0,
    "brain_region_id": 797,
    "brain_region": "ZI"
  },
  "channel_12": {
    "x": 2016.8574063746469,
    "y": -2600.000000000001,
    "z": -4325.427780876059,
    "axial": 885.0,
    "lateral": 250.0,
    "brain_region_id": 797,
    "brain_region": "ZI"
  },
  "channel_13": {
    "x": 2021.3544116186522,
    "y": -2600.000000000001,
    "z": -4311.9367651440425,
    "axial": 900.0,
    "lateral": 250.0,
    "brain_region_id": 797,
    "brain_region": "ZI"
  },
  "channel_14": {
    "x": 2025.851416862658,
    "y": -2600.000000000001,
    "z": -4298.445749412025,
    "axial": 915.0,
    "lateral": 250.0,
    "brain_region_id": 797,
    "brain_region": "ZI"
  },
  "channel_15": {
    "x": 2030.3484221066637,
    "y": -2600.000000000001,
    "z": -4284.954733680008,
    "axial": 930.0,
    "lateral": 250.0,
    "brain_region_id": 797,
    "brain_region": "ZI"
  },
  "channel_16": {
    "x": 2034.8454273506695,
    "y": -2600.000000000001,
    "z": -4271.4637179479905,
    "axial": 945.0,
    "lateral": 250.0,
    "brain_region_id": 797,
    "brain_region": "ZI"
  },
  "channel_17": {
    "x": 2039.3424325946753,
    "y": -2600.000000000001,
    "z": -4257.972702215973,
    "axial": 960.0,
    "lateral": 250.0,
    "brain_region_id": 797,
    "brain_region": "ZI"
  },
  "channel_18": {
    "x": 2043.839437838681,
    "y": -2600.000000000001,
    "z": -4244.481686483957,
    "axial": 975.0,
    "lateral": 250.0,
    "brain_region_id": 797,
    "brain_region": "ZI"
  },
  "channel_19": {
    "x": 2048.336443082687,
    "y": -2600.000000000001,
    "z": -4230.990670751939,
    "axial": 990.0,
    "lateral": 250.0,
    "brain_region_id": 797,
    "brain_region": "ZI"
  },
  "channel_20": {
    "x": 2052.8334483266926,
    "y": -2600.000000000001,
    "z": -4217.499655019922,
    "axial": 1005.0,
    "lateral": 250.0,
    "brain_region_id": 797,
    "brain_region": "ZI"
  },
  "channel_21": {
    "x": 2057.3304535706984,
    "y": -2600.000000000001,
    "z": -4204.008639287906,
    "axial": 1020.0,
    "lateral": 250.0,
    "brain_region_id": 797,
    "brain_region": "ZI"
  },
  "channel_22": {
    "x": 2061.513168172327,
    "y": -2600.000000000001,
    "z": -4190.434159138368,
    "axial": 1035.0,
    "lateral": 250.0,
    "brain_region_id": 797,
    "brain_region": "ZI"
  },
  "channel_23": {
    "x": 2064.302092431759,
    "y": -2600.000000000001,
    "z": -4176.489537841205,
    "axial": 1050.0,
    "lateral": 250.0,
    "brain_region_id": 797,
    "brain_region": "ZI"
  },
  "channel_24": {
    "x": 2067.0910166911913,
    "y": -2600.000000000001,
    "z": -4162.544916544042,
    "axial": 1065.0,
    "lateral": 250.0,
    "brain_region_id": 797,
    "brain_region": "ZI"
  },
  "channel_25": {
    "x": 2069.879940950624,
    "y": -2600.000000000001,
    "z": -4148.600295246879,
    "axial": 1080.0,
    "lateral": 250.0,
    "brain_region_id": 797,
    "brain_region": "ZI"
  },
  "channel_26": {
    "x": 2072.6688652100565,
    "y": -2600.000000000001,
    "z": -4134.6556739497155,
    "axial": 1095.0,
    "lateral": 250.0,
    "brain_region_id": 797,
    "brain_region": "ZI"
  },
  "channel_27": {
    "x": 2075.457789469489,
    "y": -2600.000000000001,
    "z": -4120.711052652552,
    "axial": 1110.0,
    "lateral": 250.0,
    "brain_region_id": 797,
    "brain_region": "ZI"
  },
  "channel_28": {
    "x": 2078.2467137289213,
    "y": -2600.000000000001,
    "z": -4106.76643135539,
    "axial": 1125.0,
    "lateral": 250.0,
    "brain_region_id": 797,
    "brain_region": "ZI"
  },
  "channel_29": {
    "x": 2081.0356379883538,
    "y": -2600.000000000001,
    "z": -4092.821810058226,
    "axial": 1140.0,
    "lateral": 250.0,
    "brain_region_id": 797,
    "brain_region": "ZI"
  },
  "channel_30": {
    "x": 2083.824562247786,
    "y": -2600.000000000001,
    "z": -4078.8771887610633,
    "axial": 1155.0,
    "lateral": 250.0,
    "brain_region_id": 797,
    "brain_region": "ZI"
  },
  "channel_31": {
    "x": 2086.989217269261,
    "y": -2600.000000000001,
    "z": -4065.0323481922132,
    "axial": 1170.0,
    "lateral": 250.0,
    "brain_region_id": 797,
    "brain_region": "ZI"
  },
  "channel_32": {
    "x": 2091.486222513267,
    "y": -2600.000000000001,
    "z": -4051.5413324601964,
    "axial": 1185.0,
    "lateral": 250.0,
    "brain_region_id": 797,
    "brain_region": "ZI"
  },
  "channel_33": {
    "x": 2095.9832277572727,
    "y": -2600.000000000001,
    "z": -4038.05031672818,
    "axial": 1200.0,
    "lateral": 250.0,
    "brain_region_id": 797,
    "brain_region": "ZI"
  },
  "channel_34": {
    "x": 2100.480233001279,
    "y": -2600.000000000001,
    "z": -4024.5593009961626,
    "axial": 1215.0,
    "lateral": 250.0,
    "brain_region_id": 797,
    "brain_region": "ZI"
  },
  "channel_35": {
    "x": 2104.9772382452848,
    "y": -2600.000000000001,
    "z": -4011.0682852641453,
    "axial": 1230.0,
    "lateral": 250.0,
    "brain_region_id": 797,
    "brain_region": "ZI"
  },
  "channel_36": {
    "x": 2109.4742434892905,
    "y": -2600.000000000001,
    "z": -3997.577269532128,
    "axial": 1245.0,
    "lateral": 250.0,
    "brain_region_id": 797,
    "brain_region": "ZI"
  },
  "channel_37": {
    "x": 2112.8426902401648,
    "y": -2600.000000000001,
    "z": -3983.7865487991767,
    "axial": 1260.0,
    "lateral": 250.0,
    "brain_region_id": 797,
    "brain_region": "ZI"
  },
  "channel_38": {
    "x": 2115.631614499597,
    "y": -2600.000000000001,
    "z": -3969.8419275020137,
    "axial": 1275.0,
    "lateral": 250.0,
    "brain_region_id": 797,
    "brain_region": "ZI"
  },