{
  "channel_0": {
    "x": -464.0,
    "y": -3049.9999999999995,
    "z": -4026.5882484203416,
    "axial": 705.0,
    "lateral": 500.0,
    "brain_region_id": 128,
    "brain_region": "MRN"
  },
  "channel_1": {
    "x": -464.0,
    "y": -3049.9999999999995,
    "z": -4011.5882484203416,
    "axial": 720.0,
    "lateral": 500.0,
    "brain_region_id": 128,
    "brain_region": "MRN"
  },
  "channel_2": {
    "x": -464.0,
    "y": -3049.9999999999995,
    "z": -3996.588248420342,
    "axial": 735.0,
    "lateral": 500.0,
    "brain_region_id": 128,
    "brain_region": "MRN"
  },
  "channel_3": {
    "x": -469.1034904548912,
    "y": -3049.9999999999995,
    "z": -3982.7930190902175,
    "axial": 750.0,
    "lateral": 500.0,
    "brain_region_id": 128,
    "brain_region": "MRN"
  },
  "channel_4": {
    "x": -475.81169438739045,
    "y": -3049.9999999999995,
    "z": -3969.376611225219,
    "axial": 765.0,
    "lateral": 500.0,
    "brain_region_id": 128,
    "brain_region": "MRN"
  },
  "channel_5": {
    "x": -482.51989831988965,
    "y": -3049.9999999999995,
    "z": -3955.960203360221,
    "axial": 780.0,
    "lateral": 500.0,
    "brain_region_id": 128,
    "brain_region": "MRN"
  },
  "channel_6": {
    "x": -489.22810225238914,
    "y": -3049.9999999999995,
    "z": -3942.5437954952217,
    "axial": 795.0,
    "lateral": 500.0,
    "brain_region_id": 128,
    "brain_region": "MRN"
  },
  "channel_7": {
    "x": -495.9363061848883,
    "y": -3049.9999999999995,
    "z": -3929.1273876302225,
    "axial": 810.0,
    "lateral": 500.0,
    "brain_region_id": 128,
    "brain_region": "MRN"
  },
  "channel_8": {
    "x": -502.6445101173876,
    "y": -3049.9999999999995,
    "z": -3915.7109797652242,
    "axial": 825.0,
    "lateral": 500.0,
    "brain_region_id": 128,
    "brain_region": "MRN"
  },
  "channel_9": {
    "x": -509.3527140498871,
    "y": -3049.9999999999995,
    "z": -3902.294571900225,
    "axial": 840.0,
    "lateral": 500.0,
    "brain_region_id": 128,
    "brain_region": "MRN"
  },
  "channel_10": {
    "x": -513.9999999999997,
    "y": -3049.9999999999995,
    "z": -3888.391647295331,
    "axial": 855.0,
    "lateral": 500.0,
    "brain_region_id": 128,
    "brain_region": "MRN"
  },
  "channel_11": {
    "x": -513.9999999999997,
    "y": -3049.9999999999995,
    "z": -3873.3916472953315,
    "axial": 870.0,
    "lateral": 500.0,
    "brain_region_id": 128,
    "brain_region": "MRN"
  },
  "channel_12": {
    "x": -513.9999999999997,
    "y": -3049.9999999999995,
    "z": -3858.3916472953315,
    "axial": 885.0,
    "lateral": 500.0,
    "brain_region_id": 128,
    "brain_region": "MRN"
  },
  "channel_13": {
    "x": -513.9999999999997,
    "y": -3049.9999999999995,
    "z": -3843.3916472953315,
    "axial": 900.0,
    "lateral": 500.0,
    "brain_region_id": 128,
    "brain_region": "MRN"
  },
  "channel_14": {
    "x": -513.9999999999997,
    "y": -3049.9999999999995,
    "z": -3828.3916472953315,
    "axial": 915.0,
    "lateral": 500.0,
    "brain_region_id": 128,
    "brain_region": "MRN"
  },
  "channel_15": {
    "x": -516.0609179823864,
    "y": -3049.9999999999995,
    "z": -3813.8781640352267,
    "axial": 930.0,
    "lateral": 500.0,
    "brain_region_id": 128,
    "brain_region": "MRN"
  },
  "channel_16": {
    "x": -522.7691219148859,
    "y": -3049.9999999999995,
    "z": -3800.4617561702275,
    "axial": 945.0,
    "lateral": 500.0,
    "brain_region_id": 128,
    "brain_region": "MRN"
  },
  "channel_17": {
    "x": -529.4773258473853,
    "y": -3049.9999999999995,
    "z": -3787.045348305229,
    "axial": 960.0,
    "lateral": 500.0,
    "brain_region_id": 128,
    "brain_region": "MRN"
  },
  "channel_18": {
    "x": -536.1855297798844,
    "y": -3049.9999999999995,
    "z": -3773.62894044023,
    "axial": 975.0,
    "lateral": 500.0,
    "brain_region_id": 128,
    "brain_region": "MRN"
  },
  "channel_19": {
    "x": -542.8937337123839,
    "y": -3049.9999999999995,
    "z": -3760.2125325752313,
    "axial": 990.0,
    "lateral": 500.0,
    "brain_region_id": 128,
    "brain_region": "MRN"
  },
  "channel_20": {
    "x": -549.6019376448833,
    "y": -3049.9999999999995,
    "z": -3746.796124710232,
    "axial": 1005.0,
    "lateral": 500.0,
    "brain_region_id": 128,
    "brain_region": "MRN"
  },
  "channel_21": {
    "x": -556.3101415773825,
    "y": -3049.9999999999995,
    "z": -3733.379716845234,
    "axial": 1020.0,
    "lateral": 500.0,
    "brain_region_id": 128,
    "brain_region": "MRN"
  },
  "channel_22": {
    "x": -563.0183455098818,
    "y": -3049.9999999999995,
    "z": -3719.963308980235,
    "axial": 1035.0,
    "lateral": 500.0,
    "brain_region_id": 128,
    "brain_region": "MRN"
  },
  "channel_23": {
    "x": -563.9999999999994,
    "y": -3049.9999999999995,
    "z": -3705.195046170321,
    "axial": 1050.0,
    "lateral": 500.0,
    "brain_region_id": 128,
    "brain_region": "MRN"
  },
  "channel_24": {
    "x": -563.9999999999994,
    "y": -3049.9999999999995,
    "z": -3690.195046170321,
    "axial": 1065.0,
    "lateral": 500.0,
    "brain_region_id": 128,
    "brain_region": "MRN"
  },
  "channel_25": {
    "x": -563.9999999999994,
    "y": -3049.9999999999995,
    "z": -3675.195046170321,
    "axial": 1080.0,
    "lateral": 500.0,
    "brain_region_id": 128,
    "brain_region": "MRN"
  },
  "channel_26": {
    "x": -563.9999999999994,
    "y": -3049.9999999999995,
    "z": -3660.195046170321,
    "axial": 1095.0,
    "lateral": 500.0,
    "brain_region_id": 128,
    "brain_region": "MRN"
  },
  "channel_27": {
    "x": -563.9999999999994,
    "y": -3049.9999999999995,
    "z": -3645.1950461703204,
    "axial": 1110.0,
    "lateral": 500.0,
    "brain_region_id": 128,
    "brain_region": "MRN"
  },
  "channel_28": {
    "x": -563.9999999999994,
    "y": -3049.9999999999995,
    "z": -3630.1950461703213,
    "axial": 1125.0,
    "lateral": 500.0,
    "brain_region_id": 128,
    "brain_region": "MRN"
  },
  "channel_29": {
    "x": -563.9999999999994,
    "y": -3049.9999999999995,
    "z": -3615.195046170321,
    "axial": 1140.0,
    "lateral": 500.0,
    "brain_region_id": 128,
    "brain_region": "MRN"
  },
  "channel_30": {
    "x": -563.9999999999994,
    "y": -3049.9999999999995,
    "z": -3600.1950461703204,
    "axial": 1155.0,
    "lateral": 500.0,
    "brain_region_id": 128,
    "brain_region": "MRN"
  },
  "channel_31": {
    "x": -563.9999999999994,
    "y": -3049.9999999999995,
    "z": -3585.195046170321,
    "axial": 1170.0,
    "lateral": 500.0,
    "brain_region_id": 128,
    "brain_region": "MRN"
  },
  "channel_32": {
    "x": -563.9999999999994,
    "y": -3049.9999999999995,
    "z": -3570.195046170321,
    "axial": 1185.0,
    "lateral": 500.0,
    "brain_region_id": 128,
    "brain_region": "MRN"
  },
  "channel_33": {
    "x": -563.9999999999994,
    "y": -3049.9999999999995,
    "z": -3555.195046170321,
    "axial": 1200.0,
    "lateral": 500.0,
    "brain_region_id": 128,
    "brain_region": "MRN"
  },
  "channel_34": {
    "x": -564.6803012302786,
    "y": -3049.9999999999995,
    "z": -3540.278795078883,
    "axial": 1215.0,
    "lateral": 500.0,
    "brain_region_id": 128,
    "brain_region": "MRN"
  },
  "channel_35": {
    "x": -568.3183356058237,
    "y": -3049.9999999999995,
    "z": -3525.726657576703,
    "axial": 1230.0,
    "lateral": 500.0,
    "brain_region_id": 128,
    "brain_region": "MRN"
  },
  "channel_36": {
    "x": -571.9563699813689,
    "y": -3049.9999999999995,
    "z": -3511.174520074523,
    "axial": 1245.0,
    "lateral": 500.0,
    "brain_region_id": 128,
    "brain_region": "MRN"
  },
  "channel_37": {
    "x": -575.594404356914,
    "y": -3049.9999999999995,
    "z": -3496.6223825723428,
    "axial": 1260.0,
    "lateral": 500.0,
    "brain_region_id": 128,
    "brain_region": "MRN"
  },
  "channel_38": {
    "x": -579.2324387324591,
    "y": -3049.9999999999995,
    "z": -3482.070245070163,
    "axial": 1275.0,