{
  "channel_0": {
    "x": 237.78132089936332,
    "y": -4200.0,
    "z": -4237.65603730191,
    "axial": -15.0,
    "lateral": -32.0,
    "brain_region_id": 231,
    "brain_region": "AT"
  },
  "channel_1": {
    "x": 242.52473738961598,
    "y": -4200.0,
    "z": -4223.425787831152,
    "axial": 0.0,
    "lateral": -32.0,
    "brain_region_id": 231,
    "brain_region": "AT"
  },
  "channel_2": {
    "x": 247.26815387986863,
    "y": -4200.0,
    "z": -4209.195538360394,
    "axial": 15.0,
    "lateral": -32.0,
    "brain_region_id": 231,
    "brain_region": "AT"
  },
  "channel_3": {
    "x": 252.01157037012104,
    "y": -4200.0,
    "z": -4194.965288889636,
    "axial": 30.0,
    "lateral": -32.0,
    "brain_region_id": 231,
    "brain_region": "AT"
  },
  "channel_4": {
    "x": 256.75498686037366,
    "y": -4200.0,
    "z": -4180.735039418879,
    "axial": 45.0,
    "lateral": -32.0,
    "brain_region_id": 231,
    "brain_region": "AT"
  },
  "channel_5": {
    "x": 261.87425731103264,
    "y": -4200.0,
    "z": -4166.688614033451,
    "axial": 60.0,
    "lateral": -32.0,
    "brain_region_id": 231,
    "brain_region": "AT"
  },
  "channel_6": {
    "x": 270.19476025441134,
    "y": -4200.0,
    "z": -4154.207859618383,
    "axial": 75.0,
    "lateral": -32.0,
    "brain_region_id": 231,
    "brain_region": "AT"
  },
  "channel_7": {
    "x": 278.51526319778947,
    "y": -4200.0,
    "z": -4141.727105203316,
    "axial": 90.0,
    "lateral": -32.0,
    "brain_region_id": 231,
    "brain_region": "AT"
  },
  "channel_8": {
    "x": 286.83576614116805,
    "y": -4200.0,
    "z": -4129.246350788248,
    "axial": 105.0,
    "lateral": -32.0,
    "brain_region_id": 313,
    "brain_region": "MB"
  },
  "channel_9": {
    "x": 295.15626908454675,
    "y": -4200.0,
    "z": -4116.7655963731795,
    "axial": 120.0,
    "lateral": -32.0,
    "brain_region_id": 313,
    "brain_region": "MB"
  },
  "channel_10": {
    "x": 303.4767720279249,
    "y": -4200.0,
    "z": -4104.284841958113,
    "axial": 135.0,
    "lateral": -32.0,
    "brain_region_id": 128,
    "brain_region": "MRN"
  },
  "channel_11": {
    "x": 311.64278363149174,
    "y": -4200.0,
    "z": -4091.714432737017,
    "axial": 150.0,
    "lateral": -32.0,
    "brain_region_id": 128,
    "brain_region": "MRN"
  },
  "channel_12": {
    "x": 318.3509875639912,
    "y": -4200.0,
    "z": -4078.298024872018,
    "axial": 165.0,
    "lateral": -32.0,
    "brain_region_id": 128,
    "brain_region": "MRN"
  },
  "channel_13": {
    "x": 325.0591914964903,
    "y": -4200.0,
    "z": -4064.8816170070195,
    "axial": 180.0,
    "lateral": -32.0,
    "brain_region_id": 128,
    "brain_region": "MRN"
  },
  "channel_14": {
    "x": 332.2479229235919,
    "y": -4200.0,
    "z": -4050.504154152816,
    "axial": 195.0,
    "lateral": -32.0,
    "brain_region_id": 326,
    "brain_region": "scp"
  },
  "channel_15": {
    "x": 339.7676031382485,
    "y": -4200.0,
    "z": -4035.4647937235036,
    "axial": 210.0,
    "lateral": -32.0,
    "brain_region_id": 326,
    "brain_region": "scp"
  },
  "channel_16": {
    "x": 347.28728335290504,
    "y": -4200.0,
    "z": -4020.4254332941905,
    "axial": 225.0,
    "lateral": -32.0,
    "brain_region_id": 326,
    "brain_region": "scp"
  },
  "channel_17": {
    "x": 354.80696356756164,
    "y": -4200.0,
    "z": -4005.386072864877,
    "axial": 240.0,
    "lateral": -32.0,
    "brain_region_id": 1043,
    "brain_region": "tspc"
  },
  "channel_18": {
    "x": 363.0976079977548,
    "y": -4200.0,
    "z": -3990.902392002245,
    "axial": 255.0,
    "lateral": -32.0,
    "brain_region_id": 1043,
    "brain_region": "tspc"
  },
  "channel_19": {
    "x": 374.987266374964,
    "y": -4200.0,
    "z": -3979.012733625036,
    "axial": 270.0,
    "lateral": -32.0,
    "brain_region_id": 326,
    "brain_region": "scp"
  },
  "channel_20": {
    "x": 386.87692475217324,
    "y": -4200.0,
    "z": -3967.1230752478264,
    "axial": 285.0,
    "lateral": -32.0,
    "brain_region_id": 326,
    "brain_region": "scp"
  },
  "channel_21": {
    "x": 398.76658312938247,
    "y": -4200.0,
    "z": -3955.233416870618,
    "axial": 300.0,
    "lateral": -32.0,
    "brain_region_id": 326,
    "brain_region": "scp"
  },
  "channel_22": {
    "x": 410.65624150659164,
    "y": -4200.0,
    "z": -3943.343758493408,
    "axial": 315.0,
    "lateral": -32.0,
    "brain_region_id": 326,
    "brain_region": "scp"
  },
  "channel_23": {
    "x": 422.5458998838009,
    "y": -4200.0,
    "z": -3931.4541001161983,
    "axial": 330.0,
    "lateral": -32.0,
    "brain_region_id": 326,
    "brain_region": "scp"
  },
  "channel_24": {
    "x": 434.4355582610101,
    "y": -4200.0,
    "z": -3919.5644417389894,
    "axial": 345.0,
    "lateral": -32.0,
    "brain_region_id": 326,
    "brain_region": "scp"
  },
  "channel_25": {
    "x": 442.530240382288,
    "y": -4200.0,
    "z": -3904.939519235423,
    "axial": 360.0,
    "lateral": -32.0,
    "brain_region_id": 326,
    "brain_region": "scp"
  },
  "channel_26": {
    "x": 450.04992059694473,
    "y": -4200.0,
    "z": -3889.90015880611,
    "axial": 375.0,
    "lateral": -32.0,
    "brain_region_id": 326,
    "brain_region": "scp"
  },
  "channel_27": {
    "x": 457.56960081160133,
    "y": -4200.0,
    "z": -3874.8607983767974,
    "axial": 390.0,
    "lateral": -32.0,
    "brain_region_id": 326,
    "brain_region": "scp"
  },
  "channel_28": {
    "x": 465.0892810262578,
    "y": -4200.0,
    "z": -3859.8214379474844,
    "axial": 405.0,
    "lateral": -32.0,
    "brain_region_id": 326,
    "brain_region": "scp"
  },
  "channel_29": {
    "x": 472.6089612409145,
    "y": -4200.0,
    "z": -3844.7820775181713,
    "axial": 420.0,
    "lateral": -32.0,
    "brain_region_id": 326,
    "brain_region": "scp"
  },
  "channel_30": {
    "x": 479.7378847780533,
    "y": -4200.0,
    "z": -3830.524230443894,
    "axial": 435.0,
    "lateral": -32.0,
    "brain_region_id": 326,
    "brain_region": "scp"
  },
  "channel_31": {
    "x": 486.4460887105529,
    "y": -4200.0,
    "z": -3817.107822578895,
    "axial": 450.0,
    "lateral": -32.0,
    "brain_region_id": 128,
    "brain_region": "MRN"
  },
  "channel_32": {
    "x": 493.15429264305214,
    "y": -4200.0,
    "z": -3803.6914147138964,
    "axial": 465.0,
    "lateral": -32.0,
    "brain_region_id": 128,
    "brain_region": "MRN"
  },
  "channel_33": {
    "x": 499.8624965755513,
    "y": -4200.0,
    "z": -3790.2750068488976,
    "axial": 480.0,
    "lateral": -32.0,
    "brain_region_id": 128,
    "brain_region": "MRN"
  },
  "channel_34": {
    "x": 506.5707005080508,
    "y": -4200.0,
    "z": -3776.858598983899,
    "axial": 495.0,
    "lateral": -32.0,
    "brain_region_id": 128,
    "brain_region": "MRN"
  },
  "channel_35": {
    "x": 513.2789044405501,
    "y": -4200.0,
    "z": -3763.4421911188997,
    "axial": 510.0,
    "lateral": -32.0,
    "brain_region_id": 128,
    "brain_region": "MRN"
  },
  "channel_36": {
    "x": 519.9871083730494,
    "y": -4200.0,
    "z": -3750.0257832539014,
    "axial": 525.0,
    "lateral": -32.0,
    "brain_region_id": 128,
    "brain_region": "MRN"
  },
  "channel_37": {
    "x": 526.6953123055487,
    "y": -4200.0,
    "z": -3736.6093753889027,
    "axial": 540.0,
    "lateral": -32.0,
    "brain_region_id": 128,
    "brain_region": "MRN"
  },
  "channel_38": {
    "x": 533.403516238048,
    "y": -4200.0,
    "z": -3723.1929675239035,
    "axial": 555.0,
    "lateral": -32.0,
    "brain_region_id": 128,
    "brain_region": "MRN"
  },
  "channel_39": {
    "x": 540.5268549201119,
    "y": -4198.868286269972,
    "z": -3710.078003889804,
    "axial": 570.0,
    "lateral": -32.0,
    "brain_region_id": 128,
    "brain_region": "MRN"
  },
  "channel_40": {
    "x": 547.9123443788718,
    "y": -4197.0219139052815,
    "z": -3697.153397336974,
    "axial": 585.0,
    "lateral": -32.0,
    "brain_region_id": 128,
    "brain_region": "MRN"
  },