{
  "channel_0": {
    "x": -412.5202371740253,
    "y": -3324.999999999999,
    "z": -4445.959525651949,
    "axial": -15.0,
    "lateral": -32.0,
    "brain_region_id": 863,
    "brain_region": "rust"
  },
  "channel_1": {
    "x": -422.266891254335,
    "y": -3324.999999999999,
    "z": -4434.733108745664,
    "axial": 0.0,
    "lateral": -32.0,
    "brain_region_id": 863,
    "brain_region": "rust"
  },
  "channel_2": {
    "x": -432.8734929721334,
    "y": -3324.999999999999,
    "z": -4424.126507027866,
    "axial": 15.0,
    "lateral": -32.0,
    "brain_region_id": 863,
    "brain_region": "rust"
  },
  "channel_3": {
    "x": -443.4800946899312,
    "y": -3324.999999999999,
    "z": -4413.519905310069,
    "axial": 30.0,
    "lateral": -32.0,
    "brain_region_id": 863,
    "brain_region": "rust"
  },
  "channel_4": {
    "x": -454.08669640772956,
    "y": -3324.999999999999,
    "z": -4402.91330359227,
    "axial": 45.0,
    "lateral": -32.0,
    "brain_region_id": 863,
    "brain_region": "rust"
  },
  "channel_5": {
    "x": -464.5660755490572,
    "y": -3325.566075549056,
    "z": -4392.433924450942,
    "axial": 60.0,
    "lateral": -32.0,
    "brain_region_id": 863,
    "brain_region": "rust"
  },
  "channel_6": {
    "x": -473.22632958690167,
    "y": -3334.2263295869006,
    "z": -4383.7736704130975,
    "axial": 75.0,
    "lateral": -32.0,
    "brain_region_id": 863,
    "brain_region": "rust"
  },
  "channel_7": {
    "x": -481.88658362474564,
    "y": -3342.886583624745,
    "z": -4375.113416375254,
    "axial": 90.0,
    "lateral": -32.0,
    "brain_region_id": 313,
    "brain_region": "MB"
  },
  "channel_8": {
    "x": -490.0937794006121,
    "y": -3348.9062205993873,
    "z": -4365.812441198775,
    "axial": 105.0,
    "lateral": -32.0,
    "brain_region_id": 313,
    "brain_region": "MB"
  },
  "channel_9": {
    "x": -496.2175037575701,
    "y": -3342.782496242429,
    "z": -4353.5649924848585,
    "axial": 120.0,
    "lateral": -32.0,
    "brain_region_id": 313,
    "brain_region": "MB"
  },
  "channel_10": {
    "x": -502.34122811452784,
    "y": -3336.658771885471,
    "z": -4341.317543770943,
    "axial": 135.0,
    "lateral": -32.0,
    "brain_region_id": 313,
    "brain_region": "MB"
  },
  "channel_11": {
    "x": -508.46495247148584,
    "y": -3330.535047528513,
    "z": -4329.070095057027,
    "axial": 150.0,
    "lateral": -32.0,
    "brain_region_id": 214,
    "brain_region": "RN"
  },
  "channel_12": {
    "x": -513.9999999999997,
    "y": -3325.5355297023316,
    "z": -4316.661175744169,
    "axial": 165.0,
    "lateral": -32.0,
    "brain_region_id": 214,
    "brain_region": "RN"
  },
  "channel_13": {
    "x": -513.9999999999997,
    "y": -3331.1063898476427,
    "z": -4302.73402538089,
    "axial": 180.0,
    "lateral": -32.0,
    "brain_region_id": 214,
    "brain_region": "RN"
  },
  "channel_14": {
    "x": -513.9999999999997,
    "y": -3336.677249992955,
    "z": -4288.806875017612,
    "axial": 195.0,
    "lateral": -32.0,
    "brain_region_id": 214,
    "brain_region": "RN"
  },
  "channel_15": {
    "x": -513.9999999999997,
    "y": -3342.2481101382664,
    "z": -4274.879724654332,
    "axial": 210.0,
    "lateral": -32.0,
    "brain_region_id": 214,
    "brain_region": "RN"
  },
  "channel_16": {
    "x": -513.9999999999997,
    "y": -3347.818970283578,
    "z": -4260.952574291053,
    "axial": 225.0,
    "lateral": -32.0,
    "brain_region_id": 214,
    "brain_region": "RN"
  },
  "channel_17": {
    "x": -513.9999999999997,
    "y": -3353.3898304288896,
    "z": -4247.025423927775,
    "axial": 240.0,
    "lateral": -32.0,
    "brain_region_id": 214,
    "brain_region": "RN"
  },
  "channel_18": {
    "x": -513.9999999999997,
    "y": -3358.960690574201,
    "z": -4233.098273564496,
    "axial": 255.0,
    "lateral": -32.0,
    "brain_region_id": 214,
    "brain_region": "RN"
  },
  "channel_19": {
    "x": -513.9999999999997,
    "y": -3364.5315507195132,
    "z": -4219.171123201217,
    "axial": 270.0,
    "lateral": -32.0,
    "brain_region_id": 214,
    "brain_region": "RN"
  },
  "channel_20": {
    "x": -513.9999999999997,
    "y": -3370.102410864825,
    "z": -4205.243972837939,
    "axial": 285.0,
    "lateral": -32.0,
    "brain_region_id": 214,
    "brain_region": "RN"
  },
  "channel_21": {
    "x": -513.9999999999997,
    "y": -3375.0000000000005,
    "z": -4191.1871623252755,
    "axial": 300.0,
    "lateral": -32.0,
    "brain_region_id": 214,
    "brain_region": "RN"
  },
  "channel_22": {
    "x": -513.9999999999997,
    "y": -3375.0000000000005,
    "z": -4176.187162325275,
    "axial": 315.0,
    "lateral": -32.0,
    "brain_region_id": 214,
    "brain_region": "RN"
  },
  "channel_23": {
    "x": -513.9999999999997,
    "y": -3375.0000000000005,
    "z": -4161.187162325275,
    "axial": 330.0,
    "lateral": -32.0,
    "brain_region_id": 214,
    "brain_region": "RN"
  },
  "channel_24": {
    "x": -513.9999999999997,
    "y": -3375.0000000000005,
    "z": -4146.1871623252755,
    "axial": 345.0,
    "lateral": -32.0,
    "brain_region_id": 214,
    "brain_region": "RN"
  },
  "channel_25": {
    "x": -513.9999999999997,
    "y": -3380.2828616095717,
    "z": -4132.4342767808575,
    "axial": 360.0,
    "lateral": -32.0,
    "brain_region_id": 214,
    "brain_region": "RN"
  },
  "channel_26": {
    "x": -513.9999999999997,
    "y": -3386.991065542071,
    "z": -4119.017868915858,
    "axial": 375.0,
    "lateral": -32.0,
    "brain_region_id": 214,
    "brain_region": "RN"
  },
  "channel_27": {
    "x": -513.9999999999997,
    "y": -3393.6992694745695,
    "z": -4105.60146105086,
    "axial": 390.0,
    "lateral": -32.0,
    "brain_region_id": 214,
    "brain_region": "RN"
  },
  "channel_28": {
    "x": -514.3719706277252,
    "y": -3399.628029372274,
    "z": -4092.256058744548,
    "axial": 405.0,
    "lateral": -32.0,
    "brain_region_id": 214,
    "brain_region": "RN"
  },
  "channel_29": {
    "x": -520.4956949846834,
    "y": -3393.504305015316,
    "z": -4080.0086100306326,
    "axial": 420.0,
    "lateral": -32.0,
    "brain_region_id": 214,
    "brain_region": "RN"
  },
  "channel_30": {
    "x": -526.6194193416411,
    "y": -3387.380580658358,
    "z": -4067.7611613167164,
    "axial": 435.0,
    "lateral": -32.0,
    "brain_region_id": 214,
    "brain_region": "RN"
  },
  "channel_31": {
    "x": -532.7431436985993,
    "y": -3381.2568563014006,
    "z": -4055.5137126028008,
    "axial": 450.0,
    "lateral": -32.0,
    "brain_region_id": 214,
    "brain_region": "RN"
  },
  "channel_32": {
    "x": -538.8668680555572,
    "y": -3375.1331319444425,
    "z": -4043.266263888884,
    "axial": 465.0,
    "lateral": -32.0,
    "brain_region_id": 214,
    "brain_region": "RN"
  },
  "channel_33": {
    "x": -542.9217633125684,
    "y": -3382.843526625138,
    "z": -4031.2347100622937,
    "axial": 480.0,
    "lateral": -32.0,
    "brain_region_id": 214,
    "brain_region": "RN"
  },
  "channel_34": {
    "x": -546.9306819412546,
    "y": -3390.8613638825104,
    "z": -4019.207954176235,
    "axial": 495.0,
    "lateral": -32.0,
    "brain_region_id": 214,
    "brain_region": "RN"
  },
  "channel_35": {
    "x": -550.9396005699409,
    "y": -3398.8792011398837,
    "z": -4007.1811982901754,
    "axial": 510.0,
    "lateral": -32.0,
    "brain_region_id": 214,
    "brain_region": "RN"
  },
  "channel_36": {
    "x": -554.9485191986274,
    "y": -3406.897038397256,
    "z": -3995.154442404116,
    "axial": 525.0,
    "lateral": -32.0,
    "brain_region_id": 214,
    "brain_region": "RN"
  },
  "channel_37": {
    "x": -558.9574378273136,
    "y": -3414.9148756546283,
    "z": -3983.127686518057,
    "axial": 540.0,
    "lateral": -32.0,
    "brain_region_id": 214,
    "brain_region": "RN"
  },
  "channel_38": {
    "x": -562.9663564560001,
    "y": -3422.932712912001,
    "z": -3971.1009306319984,
    "axial": 555.0,
    "lateral": -32.0,
    "brain_region_id": 214,