{
  "channel_0": {
    "x": -455.5879963982422,
    "y": -3425.0,
    "z": -3826.648014407031,
    "axial": 705.0,
    "lateral": 250.0,
    "brain_region_id": 214,
    "brain_region": "RN"
  },
  "channel_1": {
    "x": -459.2260307737872,
    "y": -3425.0,
    "z": -3812.0958769048507,
    "axial": 720.0,
    "lateral": 250.0,
    "brain_region_id": 214,
    "brain_region": "RN"
  },
  "channel_2": {
    "x": -462.8640651493322,
    "y": -3425.0,
    "z": -3797.5437394026712,
    "axial": 735.0,
    "lateral": 250.0,
    "brain_region_id": 128,
    "brain_region": "MRN"
  },
  "channel_3": {
    "x": -468.2116610846285,
    "y": -3429.2116610846288,
    "z": -3784.5766778307425,
    "axial": 750.0,
    "lateral": 250.0,
    "brain_region_id": 128,
    "brain_region": "MRN"
  },
  "channel_4": {
    "x": -474.3353854415864,
    "y": -3435.335385441586,
    "z": -3772.329229116827,
    "axial": 765.0,
    "lateral": 250.0,
    "brain_region_id": 128,
    "brain_region": "MRN"
  },
  "channel_5": {
    "x": -480.45910979854455,
    "y": -3441.459109798544,
    "z": -3760.08178040291,
    "axial": 780.0,
    "lateral": 250.0,
    "brain_region_id": 128,
    "brain_region": "MRN"
  },
  "channel_6": {
    "x": -486.58283415550244,
    "y": -3447.582834155502,
    "z": -3747.8343316889946,
    "axial": 795.0,
    "lateral": 250.0,
    "brain_region_id": 128,
    "brain_region": "MRN"
  },
  "channel_7": {
    "x": -491.87108787810035,
    "y": -3449.999999999999,
    "z": -3734.386736365698,
    "axial": 810.0,
    "lateral": 250.0,
    "brain_region_id": 128,
    "brain_region": "MRN"
  },
  "channel_8": {
    "x": -496.614504368353,
    "y": -3449.999999999999,
    "z": -3720.1564868949404,
    "axial": 825.0,
    "lateral": 250.0,
    "brain_region_id": 128,
    "brain_region": "MRN"
  },
  "channel_9": {
    "x": -501.35792085860555,
    "y": -3449.999999999999,
    "z": -3705.9262374241825,
    "axial": 840.0,
    "lateral": 250.0,
    "brain_region_id": 128,
    "brain_region": "MRN"
  },
  "channel_10": {
    "x": -506.10133734885807,
    "y": -3449.999999999999,
    "z": -3691.6959879534247,
    "axial": 855.0,
    "lateral": 250.0,
    "brain_region_id": 128,
    "brain_region": "MRN"
  },
  "channel_11": {
    "x": -510.8447538391108,
    "y": -3449.999999999999,
    "z": -3677.465738482667,
    "axial": 870.0,
    "lateral": 250.0,
    "brain_region_id": 128,
    "brain_region": "MRN"
  },
  "channel_12": {
    "x": -516.2460120191444,
    "y": -3449.999999999999,
    "z": -3663.5079759617106,
    "axial": 885.0,
    "lateral": 250.0,
    "brain_region_id": 128,
    "brain_region": "MRN"
  },
  "channel_13": {
    "x": -522.9542159516436,
    "y": -3449.999999999999,
    "z": -3650.0915680967123,
    "axial": 900.0,
    "lateral": 250.0,
    "brain_region_id": 128,
    "brain_region": "MRN"
  },
  "channel_14": {
    "x": -529.6624198841429,
    "y": -3449.999999999999,
    "z": -3636.6751602317136,
    "axial": 915.0,
    "lateral": 250.0,
    "brain_region_id": 128,
    "brain_region": "MRN"
  },
  "channel_15": {
    "x": -536.3706238166424,
    "y": -3449.999999999999,
    "z": -3623.258752366715,
    "axial": 930.0,
    "lateral": 250.0,
    "brain_region_id": 128,
    "brain_region": "MRN"
  },
  "channel_16": {
    "x": -543.0788277491416,
    "y": -3449.999999999999,
    "z": -3609.842344501716,
    "axial": 945.0,
    "lateral": 250.0,
    "brain_region_id": 128,
    "brain_region": "MRN"
  },
  "channel_17": {
    "x": -549.7870316816408,
    "y": -3449.999999999999,
    "z": -3596.4259366367173,
    "axial": 960.0,
    "lateral": 250.0,
    "brain_region_id": 128,
    "brain_region": "MRN"
  },
  "channel_18": {
    "x": -556.4952356141403,
    "y": -3449.999999999999,
    "z": -3583.0095287717186,
    "axial": 975.0,
    "lateral": 250.0,
    "brain_region_id": 128,
    "brain_region": "MRN"
  },
  "channel_19": {
    "x": -563.2034395466395,
    "y": -3449.999999999999,
    "z": -3569.59312090672,
    "axial": 990.0,
    "lateral": 250.0,
    "brain_region_id": 128,
    "brain_region": "MRN"
  },
  "channel_20": {
    "x": -567.2060388159755,
    "y": -3449.999999999999,
    "z": -3555.175844736096,
    "axial": 1005.0,
    "lateral": 250.0,
    "brain_region_id": 128,
    "brain_region": "MRN"
  },
  "channel_21": {
    "x": -570.8440731915206,
    "y": -3449.999999999999,
    "z": -3540.623707233916,
    "axial": 1020.0,
    "lateral": 250.0,
    "brain_region_id": 128,
    "brain_region": "MRN"
  },
  "channel_22": {
    "x": -574.4821075670656,
    "y": -3449.999999999999,
    "z": -3526.071569731736,
    "axial": 1035.0,
    "lateral": 250.0,
    "brain_region_id": 128,
    "brain_region": "MRN"
  },
  "channel_23": {
    "x": -578.1201419426108,
    "y": -3449.999999999999,
    "z": -3511.5194322295556,
    "axial": 1050.0,
    "lateral": 250.0,
    "brain_region_id": 128,
    "brain_region": "MRN"
  },
  "channel_24": {
    "x": -581.7581763181558,
    "y": -3449.999999999999,
    "z": -3496.967294727376,
    "axial": 1065.0,
    "lateral": 250.0,
    "brain_region_id": 128,
    "brain_region": "MRN"
  },
  "channel_25": {
    "x": -585.3962106937009,
    "y": -3449.999999999999,
    "z": -3482.415157225196,
    "axial": 1080.0,
    "lateral": 250.0,
    "brain_region_id": 128,
    "brain_region": "MRN"
  },
  "channel_26": {
    "x": -589.0631447876713,
    "y": -3449.999999999999,
    "z": -3467.8737104246575,
    "axial": 1095.0,
    "lateral": 250.0,
    "brain_region_id": 128,
    "brain_region": "MRN"
  },
  "channel_27": {
    "x": -595.7713487201707,
    "y": -3449.999999999999,
    "z": -3454.4573025596587,
    "axial": 1110.0,
    "lateral": 250.0,
    "brain_region_id": 128,
    "brain_region": "MRN"
  },
  "channel_28": {
    "x": -602.47955265267,
    "y": -3449.999999999999,
    "z": -3441.04089469466,
    "axial": 1125.0,
    "lateral": 250.0,
    "brain_region_id": 128,
    "brain_region": "MRN"
  },
  "channel_29": {
    "x": -609.1877565851693,
    "y": -3449.999999999999,
    "z": -3427.6244868296612,
    "axial": 1140.0,
    "lateral": 250.0,
    "brain_region_id": 128,
    "brain_region": "MRN"
  },
  "channel_30": {
    "x": -614.0,
    "y": -3449.999999999999,
    "z": -3413.760503399837,
    "axial": 1155.0,
    "lateral": 250.0,
    "brain_region_id": 128,
    "brain_region": "MRN"
  },
  "channel_31": {
    "x": -614.0,
    "y": -3449.999999999999,
    "z": -3398.760503399837,
    "axial": 1170.0,
    "lateral": 250.0,
    "brain_region_id": 128,
    "brain_region": "MRN"
  },
  "channel_32": {
    "x": -614.0,
    "y": -3449.999999999999,
    "z": -3383.760503399837,
    "axial": 1185.0,
    "lateral": 250.0,
    "brain_region_id": 128,
    "brain_region": "MRN"
  },
  "channel_33": {
    "x": -614.0,
    "y": -3449.999999999999,
    "z": -3368.760503399837,
    "axial": 1200.0,
    "lateral": 250.0,
    "brain_region_id": 128,
    "brain_region": "MRN"
  },
  "channel_34": {
    "x": -614.0,
    "y": -3449.999999999999,
    "z": -3353.7605033998375,
    "axial": 1215.0,
    "lateral": 250.0,
    "brain_region_id": 128,
    "brain_region": "MRN"
  },
  "channel_35": {
    "x": -614.0,
    "y": -3449.999999999999,
    "z": -3338.760503399837,
    "axial": 1230.0,
    "lateral": 250.0,
    "brain_region_id": 128,
    "brain_region": "MRN"
  },
  "channel_36": {
    "x": -614.0,
    "y": -3449.999999999999,
    "z": -3323.7605033998375,
    "axial": 1245.0,
    "lateral": 250.0,
    "brain_region_id": 128,
    "brain_region": "MRN"
  },
  "channel_37": {
    "x": -617.772008691763,
    "y": -3446.227991308236,
    "z": -3310.455982616473,
    "axial": 1260.0,
    "lateral": 250.0,
    "brain_region_id": 128,
    "brain_region": "MRN"
  },
  "channel_38": {
    "x": -623.8957330487209,
    "y": -3440.1042669512785,
    "z": -3298.2085339025575,
    "axial": 1275.0,
    "lateral": 250.0,
    "brain_region_id": 128,
    "brain_region": "MRN"
  },
  "channel_39": {
    "x": -630.0194574056787,