{
  "channel_0": {
    "x": 1101.3667779159568,
    "y": -3449.999999999999,
    "z": -4556.5328883361735,
    "axial": -15.0,
    "lateral": -282.0,
    "brain_region_id": 246,
    "brain_region": "RR"
  },
  "channel_1": {
    "x": 1105.0048122915014,
    "y": -3449.999999999999,
    "z": -4541.9807508339945,
    "axial": 0.0,
    "lateral": -282.0,
    "brain_region_id": 246,
    "brain_region": "RR"
  },
  "channel_2": {
    "x": 1108.6428466670463,
    "y": -3449.999999999999,
    "z": -4527.428613331814,
    "axial": 15.0,
    "lateral": -282.0,
    "brain_region_id": 246,
    "brain_region": "RR"
  },
  "channel_3": {
    "x": 1111.0,
    "y": -3449.999999999999,
    "z": -4512.718792167544,
    "axial": 30.0,
    "lateral": -282.0,
    "brain_region_id": 246,
    "brain_region": "RR"
  },
  "channel_4": {
    "x": 1111.0,
    "y": -3449.999999999999,
    "z": -4497.718792167545,
    "axial": 45.0,
    "lateral": -282.0,
    "brain_region_id": 246,
    "brain_region": "RR"
  },
  "channel_5": {
    "x": 1115.5978959208346,
    "y": -3449.999999999999,
    "z": -4483.80420815833,
    "axial": 60.0,
    "lateral": -282.0,
    "brain_region_id": 246,
    "brain_region": "RR"
  },
  "channel_6": {
    "x": 1122.3060998533342,
    "y": -3449.999999999999,
    "z": -4470.387800293332,
    "axial": 75.0,
    "lateral": -282.0,
    "brain_region_id": 246,
    "brain_region": "RR"
  },
  "channel_7": {
    "x": 1129.0143037858334,
    "y": -3449.999999999999,
    "z": -4456.971392428332,
    "axial": 90.0,
    "lateral": -282.0,
    "brain_region_id": 246,
    "brain_region": "RR"
  },
  "channel_8": {
    "x": 1135.722507718333,
    "y": -3449.999999999999,
    "z": -4443.554984563334,
    "axial": 105.0,
    "lateral": -282.0,
    "brain_region_id": 246,
    "brain_region": "RR"
  },
  "channel_9": {
    "x": 1142.430711650832,
    "y": -3449.999999999999,
    "z": -4430.138576698335,
    "axial": 120.0,
    "lateral": -282.0,
    "brain_region_id": 246,
    "brain_region": "RR"
  },
  "channel_10": {
    "x": 1149.1389155833313,
    "y": -3449.999999999999,
    "z": -4416.722168833337,
    "axial": 135.0,
    "lateral": -282.0,
    "brain_region_id": 246,
    "brain_region": "RR"
  },
  "channel_11": {
    "x": 1155.8471195158306,
    "y": -3449.999999999999,
    "z": -4403.305760968337,
    "axial": 150.0,
    "lateral": -282.0,
    "brain_region_id": 246,
    "brain_region": "RR"
  },
  "channel_12": {
    "x": 1162.0997797572525,
    "y": -3449.999999999999,
    "z": -4389.700660728241,
    "axial": 165.0,
    "lateral": -282.0,
    "brain_region_id": 246,
    "brain_region": "RR"
  },
  "channel_13": {
    "x": 1166.8431962475054,
    "y": -3449.999999999999,
    "z": -4375.470411257483,
    "axial": 180.0,
    "lateral": -282.0,
    "brain_region_id": 246,
    "brain_region": "RR"
  },
  "channel_14": {
    "x": 1171.586612737758,
    "y": -3449.999999999999,
    "z": -4361.240161786726,
    "axial": 195.0,
    "lateral": -282.0,
    "brain_region_id": 246,
    "brain_region": "RR"
  },
  "channel_15": {
    "x": 1176.3300292280107,
    "y": -3449.999999999999,
    "z": -4347.009912315968,
    "axial": 210.0,
    "lateral": -282.0,
    "brain_region_id": 246,
    "brain_region": "RR"
  },
  "channel_16": {
    "x": 1181.0734457182634,
    "y": -3449.999999999999,
    "z": -4332.779662845211,
    "axial": 225.0,
    "lateral": -282.0,
    "brain_region_id": 246,
    "brain_region": "RR"
  },
  "channel_17": {
    "x": 1185.816862208516,
    "y": -3449.999999999999,
    "z": -4318.549413374453,
    "axial": 240.0,
    "lateral": -282.0,
    "brain_region_id": 246,
    "brain_region": "RR"
  },
  "channel_18": {
    "x": 1186.0000000000005,
    "y": -3449.999999999999,
    "z": -4303.579132546743,
    "axial": 255.0,
    "lateral": -282.0,
    "brain_region_id": 246,
    "brain_region": "RR"
  },
  "channel_19": {
    "x": 1186.0000000000005,
    "y": -3449.999999999999,
    "z": -4288.5791325467435,
    "axial": 270.0,
    "lateral": -282.0,
    "brain_region_id": 246,
    "brain_region": "RR"
  },
  "channel_20": {
    "x": 1186.0000000000005,
    "y": -3449.999999999999,
    "z": -4273.579132546744,
    "axial": 285.0,
    "lateral": -282.0,
    "brain_region_id": 246,
    "brain_region": "RR"
  },
  "channel_21": {
    "x": 1190.2131400064998,
    "y": -3449.999999999999,
    "z": -4259.573719987002,
    "axial": 300.0,
    "lateral": -282.0,
    "brain_region_id": 246,
    "brain_region": "RR"
  },
  "channel_22": {
    "x": 1196.921343938999,
    "y": -3449.999999999999,
    "z": -4246.157312122003,
    "axial": 315.0,
    "lateral": -282.0,
    "brain_region_id": 128,
    "brain_region": "MRN"
  },
  "channel_23": {
    "x": 1203.6295478714983,
    "y": -3449.999999999999,
    "z": -4232.740904257003,
    "axial": 330.0,
    "lateral": -282.0,
    "brain_region_id": 128,
    "brain_region": "MRN"
  },
  "channel_24": {
    "x": 1210.3377518039974,
    "y": -3449.999999999999,
    "z": -4219.324496392005,
    "axial": 345.0,
    "lateral": -282.0,
    "brain_region_id": 128,
    "brain_region": "MRN"
  },
  "channel_25": {
    "x": 1215.0761825260051,
    "y": -3454.0761825260042,
    "z": -4205.771452421984,
    "axial": 360.0,
    "lateral": -282.0,
    "brain_region_id": 128,
    "brain_region": "MRN"
  },
  "channel_26": {
    "x": 1219.5988526946715,
    "y": -3458.5988526946708,
    "z": -4192.2034419159845,
    "axial": 375.0,
    "lateral": -282.0,
    "brain_region_id": 128,
    "brain_region": "MRN"
  },
  "channel_27": {
    "x": 1224.121522863338,
    "y": -3463.1215228633373,
    "z": -4178.635431409986,
    "axial": 390.0,
    "lateral": -282.0,
    "brain_region_id": 128,
    "brain_region": "MRN"
  },
  "channel_28": {
    "x": 1228.6441930320045,
    "y": -3467.644193032004,
    "z": -4165.067420903987,
    "axial": 405.0,
    "lateral": -282.0,
    "brain_region_id": 128,
    "brain_region": "MRN"
  },
  "channel_29": {
    "x": 1233.166863200671,
    "y": -3472.166863200671,
    "z": -4151.499410397988,
    "axial": 420.0,
    "lateral": -282.0,
    "brain_region_id": 128,
    "brain_region": "MRN"
  },
  "channel_30": {
    "x": 1237.6895333693374,
    "y": -3476.6895333693374,
    "z": -4137.931399891988,
    "axial": 435.0,
    "lateral": -282.0,
    "brain_region_id": 128,
    "brain_region": "MRN"
  },
  "channel_31": {
    "x": 1242.212203538004,
    "y": -3481.212203538004,
    "z": -4124.363389385989,
    "axial": 450.0,
    "lateral": -282.0,
    "brain_region_id": 128,
    "brain_region": "MRN"
  },
  "channel_32": {
    "x": 1246.7348737066704,
    "y": -3485.7348737066704,
    "z": -4110.795378879989,
    "axial": 465.0,
    "lateral": -282.0,
    "brain_region_id": 128,
    "brain_region": "MRN"
  },
  "channel_33": {
    "x": 1251.2575438753368,
    "y": -3490.257543875337,
    "z": -4097.2273683739895,
    "axial": 480.0,
    "lateral": -282.0,
    "brain_region_id": 128,
    "brain_region": "MRN"
  },
  "channel_34": {
    "x": 1255.780214044003,
    "y": -3494.7802140440035,
    "z": -4083.6593578679904,
    "axial": 495.0,
    "lateral": -282.0,
    "brain_region_id": 128,
    "brain_region": "MRN"
  },
  "channel_35": {
    "x": 1260.3028842126696,
    "y": -3499.30288421267,
    "z": -4070.091347361991,
    "axial": 510.0,
    "lateral": -282.0,
    "brain_region_id": 128,
    "brain_region": "MRN"
  },
  "channel_36": {
    "x": 1266.6742141230332,
    "y": -3500.0000000000005,
    "z": -4056.651571753933,
    "axial": 525.0,
    "lateral": -282.0,
    "brain_region_id": 128,
    "brain_region": "MRN"
  },
  "channel_37": {
    "x": 1273.3824180555325,
    "y": -3500.0000000000005,
    "z": -4043.2351638889345,
    "axial": 540.0,
    "lateral": -282.0,
    "brain_region_id": 128,
    "brain_region": "MRN"
  },
  "channel_38": {
    "x": 1280.090621988032,
    "y": -3500.0000000000005,
    "z": -4029.8187560239353,
    "axial": 555.0,
    "lateral": -282.0,
    "brain_region_id": 128,