{
  "channel_0": {
    "x": 795.4627940979875,
    "y": -2100.0000000000005,
    "z": -3964.611617706038,
    "axial": 705.0,
    "lateral": 500.0,
    "brain_region_id": 930,
    "brain_region": "PF"
  },
  "channel_1": {
    "x": 800.2062105882401,
    "y": -2100.0000000000005,
    "z": -3950.38136823528,
    "axial": 720.0,
    "lateral": 500.0,
    "brain_region_id": 930,
    "brain_region": "PF"
  },
  "channel_2": {
    "x": 804.9496270784925,
    "y": -2100.0000000000005,
    "z": -3936.1511187645224,
    "axial": 735.0,
    "lateral": 500.0,
    "brain_region_id": 930,
    "brain_region": "PF"
  },
  "channel_3": {
    "x": 809.6930435687451,
    "y": -2100.0000000000005,
    "z": -3921.920869293764,
    "axial": 750.0,
    "lateral": 500.0,
    "brain_region_id": 930,
    "brain_region": "PF"
  },
  "channel_4": {
    "x": 814.4364600589977,
    "y": -2100.0000000000005,
    "z": -3907.6906198230063,
    "axial": 765.0,
    "lateral": 500.0,
    "brain_region_id": 930,
    "brain_region": "PF"
  },
  "channel_5": {
    "x": 819.1798765492504,
    "y": -2100.0000000000005,
    "z": -3893.460370352249,
    "axial": 780.0,
    "lateral": 500.0,
    "brain_region_id": 930,
    "brain_region": "PF"
  },
  "channel_6": {
    "x": 823.9232930395028,
    "y": -2100.0000000000005,
    "z": -3879.230120881491,
    "axial": 795.0,
    "lateral": 500.0,
    "brain_region_id": 930,
    "brain_region": "PF"
  },
  "channel_7": {
    "x": 828.6667095297553,
    "y": -2100.0000000000005,
    "z": -3864.9998714107337,
    "axial": 810.0,
    "lateral": 500.0,
    "brain_region_id": 930,
    "brain_region": "PF"
  },
  "channel_8": {
    "x": 833.410126020008,
    "y": -2100.0000000000005,
    "z": -3850.7696219399754,
    "axial": 825.0,
    "lateral": 500.0,
    "brain_region_id": 930,
    "brain_region": "PF"
  },
  "channel_9": {
    "x": 838.1535425102604,
    "y": -2100.0000000000005,
    "z": -3836.539372469218,
    "axial": 840.0,
    "lateral": 500.0,
    "brain_region_id": 930,
    "brain_region": "PF"
  },
  "channel_10": {
    "x": 842.896959000513,
    "y": -2100.0000000000005,
    "z": -3822.3091229984607,
    "axial": 855.0,
    "lateral": 500.0,
    "brain_region_id": 930,
    "brain_region": "PF"
  },
  "channel_11": {
    "x": 847.6403754907656,
    "y": -2100.0000000000005,
    "z": -3808.0788735277024,
    "axial": 870.0,
    "lateral": 500.0,
    "brain_region_id": 930,
    "brain_region": "PF"
  },
  "channel_12": {
    "x": 852.3837919810181,
    "y": -2100.0000000000005,
    "z": -3793.8486240569446,
    "axial": 885.0,
    "lateral": 500.0,
    "brain_region_id": 930,
    "brain_region": "PF"
  },
  "channel_13": {
    "x": 857.1272084712706,
    "y": -2100.0000000000005,
    "z": -3779.618374586187,
    "axial": 900.0,
    "lateral": 500.0,
    "brain_region_id": 930,
    "brain_region": "PF"
  },
  "channel_14": {
    "x": 861.5972437963638,
    "y": -2100.0000000000005,
    "z": -3765.3124029163614,
    "axial": 915.0,
    "lateral": 500.0,
    "brain_region_id": 930,
    "brain_region": "PF"
  },
  "channel_15": {
    "x": 864.8512006636438,
    "y": -2100.0000000000005,
    "z": -3750.6695970136016,
    "axial": 930.0,
    "lateral": 500.0,
    "brain_region_id": 930,
    "brain_region": "PF"
  },
  "channel_16": {
    "x": 868.1051575309236,
    "y": -2100.0000000000005,
    "z": -3736.0267911108426,
    "axial": 945.0,
    "lateral": 500.0,
    "brain_region_id": 930,
    "brain_region": "PF"
  },
  "channel_17": {
    "x": 871.3591143982035,
    "y": -2100.0000000000005,
    "z": -3721.3839852080837,
    "axial": 960.0,
    "lateral": 500.0,
    "brain_region_id": 930,
    "brain_region": "PF"
  },
  "channel_18": {
    "x": 874.6130712654834,
    "y": -2100.0000000000005,
    "z": -3706.741179305324,
    "axial": 975.0,
    "lateral": 500.0,
    "brain_region_id": 930,
    "brain_region": "PF"
  },
  "channel_19": {
    "x": 877.8670281327633,
    "y": -2100.0000000000005,
    "z": -3692.098373402565,
    "axial": 990.0,
    "lateral": 500.0,
    "brain_region_id": 930,
    "brain_region": "PF"
  },
  "channel_20": {
    "x": 881.1209850000432,
    "y": -2100.0000000000005,
    "z": -3677.4555674998055,
    "axial": 1005.0,
    "lateral": 500.0,
    "brain_region_id": 930,
    "brain_region": "PF"
  },
  "channel_21": {
    "x": 884.3749418673231,
    "y": -2100.0000000000005,
    "z": -3662.8127615970466,
    "axial": 1020.0,
    "lateral": 500.0,
    "brain_region_id": 930,
    "brain_region": "PF"
  },
  "channel_22": {
    "x": 887.6288987346028,
    "y": -2100.0000000000005,
    "z": -3648.169955694287,
    "axial": 1035.0,
    "lateral": 500.0,
    "brain_region_id": 930,
    "brain_region": "PF"
  },
  "channel_23": {
    "x": 890.8828556018829,
    "y": -2100.0000000000005,
    "z": -3633.527149791528,
    "axial": 1050.0,
    "lateral": 500.0,
    "brain_region_id": 930,
    "brain_region": "PF"
  },
  "channel_24": {
    "x": 894.1368124691626,
    "y": -2100.0000000000005,
    "z": -3618.884343888769,
    "axial": 1065.0,
    "lateral": 500.0,
    "brain_region_id": 930,
    "brain_region": "PF"
  },
  "channel_25": {
    "x": 897.3907693364425,
    "y": -2100.0000000000005,
    "z": -3604.2415379860095,
    "axial": 1080.0,
    "lateral": 500.0,
    "brain_region_id": 930,
    "brain_region": "PF"
  },
  "channel_26": {
    "x": 900.6447262037224,
    "y": -2100.0000000000005,
    "z": -3589.59873208325,
    "axial": 1095.0,
    "lateral": 500.0,
    "brain_region_id": 930,
    "brain_region": "PF"
  },
  "channel_27": {
    "x": 903.8986830710023,
    "y": -2100.0000000000005,
    "z": -3574.9559261804907,
    "axial": 1110.0,
    "lateral": 500.0,
    "brain_region_id": 930,
    "brain_region": "PF"
  },
  "channel_28": {
    "x": 907.1526399382822,
    "y": -2100.0000000000005,
    "z": -3560.3131202777313,
    "axial": 1125.0,
    "lateral": 500.0,
    "brain_region_id": 930,
    "brain_region": "PF"
  },
  "channel_29": {
    "x": 910.406596805562,
    "y": -2100.0000000000005,
    "z": -3545.6703143749723,
    "axial": 1140.0,
    "lateral": 500.0,
    "brain_region_id": 930,
    "brain_region": "PF"
  },
  "channel_30": {
    "x": 914.8783901199986,
    "y": -2100.0000000000005,
    "z": -3531.364829640005,
    "axial": 1155.0,
    "lateral": 500.0,
    "brain_region_id": 930,
    "brain_region": "PF"
  },
  "channel_31": {
    "x": 919.621806610251,
    "y": -2100.0000000000005,
    "z": -3517.134580169248,
    "axial": 1170.0,
    "lateral": 500.0,
    "brain_region_id": 930,
    "brain_region": "PF"
  },
  "channel_32": {
    "x": 924.3652231005037,
    "y": -2100.0000000000005,
    "z": -3502.9043306984895,
    "axial": 1185.0,
    "lateral": 500.0,
    "brain_region_id": 930,
    "brain_region": "PF"
  },
  "channel_33": {
    "x": 929.1086395907563,
    "y": -2100.0000000000005,
    "z": -3488.674081227731,
    "axial": 1200.0,
    "lateral": 500.0,
    "brain_region_id": 930,
    "brain_region": "PF"
  },
  "channel_34": {
    "x": 933.8520560810086,
    "y": -2100.0000000000005,
    "z": -3474.4438317569743,
    "axial": 1215.0,
    "lateral": 500.0,
    "brain_region_id": 930,
    "brain_region": "PF"
  },
  "channel_35": {
    "x": 938.5954725712613,
    "y": -2100.0000000000005,
    "z": -3460.2135822862165,
    "axial": 1230.0,
    "lateral": 500.0,
    "brain_region_id": 930,
    "brain_region": "PF"
  },
  "channel_36": {
    "x": 943.3388890615139,
    "y": -2100.0000000000005,
    "z": -3445.9833328154587,
    "axial": 1245.0,
    "lateral": 500.0,
    "brain_region_id": 930,
    "brain_region": "PF"
  },
  "channel_37": {
    "x": 948.0823055517662,
    "y": -2100.0000000000005,
    "z": -3431.7530833447013,
    "axial": 1260.0,
    "lateral": 500.0,
    "brain_region_id": 930,
    "brain_region": "PF"
  },
  "channel_38": {
    "x": 952.8257220420188,
    "y": -2100.0000000000005,
    "z": -3417.5228338739435,
    "axial": 1275.0,
    "lateral": 500.0,
    "brain_region_id": 930,