{
  "channel_0": {
    "x": 983.6243706621774,
    "y": -3986.3121853310886,
    "z": -3247.7512586756447,
    "axial": 705.0,
    "lateral": 500.0,
    "brain_region_id": 128,
    "brain_region": "MRN"
  },
  "channel_1": {
    "x": 990.1709073692573,
    "y": -3989.585453684628,
    "z": -3234.658185261485,
    "axial": 720.0,
    "lateral": 500.0,
    "brain_region_id": 128,
    "brain_region": "MRN"
  },
  "channel_2": {
    "x": 996.7174440763372,
    "y": -3992.8587220381683,
    "z": -3221.5651118473247,
    "axial": 735.0,
    "lateral": 500.0,
    "brain_region_id": 128,
    "brain_region": "MRN"
  },
  "channel_3": {
    "x": 1003.2639807834166,
    "y": -3996.131990391708,
    "z": -3208.472038433166,
    "axial": 750.0,
    "lateral": 500.0,
    "brain_region_id": 128,
    "brain_region": "MRN"
  },
  "channel_4": {
    "x": 1009.8105174904965,
    "y": -3999.4052587452475,
    "z": -3195.378965019006,
    "axial": 765.0,
    "lateral": 500.0,
    "brain_region_id": 128,
    "brain_region": "MRN"
  },
  "channel_5": {
    "x": 1017.8086970581818,
    "y": -3999.999999999999,
    "z": -3182.7869544127266,
    "axial": 780.0,
    "lateral": 500.0,
    "brain_region_id": 128,
    "brain_region": "MRN"
  },
  "channel_6": {
    "x": 1026.1292000015599,
    "y": -3999.999999999999,
    "z": -3170.3061999976594,
    "axial": 795.0,
    "lateral": 500.0,
    "brain_region_id": 128,
    "brain_region": "MRN"
  },
  "channel_7": {
    "x": 1034.4497029449383,
    "y": -3999.999999999999,
    "z": -3157.825445582592,
    "axial": 810.0,
    "lateral": 500.0,
    "brain_region_id": 128,
    "brain_region": "MRN"
  },
  "channel_8": {
    "x": 1042.770205888317,
    "y": -3999.999999999999,
    "z": -3145.3446911675237,
    "axial": 825.0,
    "lateral": 500.0,
    "brain_region_id": 128,
    "brain_region": "MRN"
  },
  "channel_9": {
    "x": 1051.090708831695,
    "y": -3999.999999999999,
    "z": -3132.863936752457,
    "axial": 840.0,
    "lateral": 500.0,
    "brain_region_id": 128,
    "brain_region": "MRN"
  },
  "channel_10": {
    "x": 1059.4112117750738,
    "y": -3999.999999999999,
    "z": -3120.3831823373885,
    "axial": 855.0,
    "lateral": 500.0,
    "brain_region_id": 128,
    "brain_region": "MRN"
  },
  "channel_11": {
    "x": 1067.7317147184524,
    "y": -3999.999999999999,
    "z": -3107.902427922321,
    "axial": 870.0,
    "lateral": 500.0,
    "brain_region_id": 128,
    "brain_region": "MRN"
  },
  "channel_12": {
    "x": 1076.0522176618306,
    "y": -3999.999999999999,
    "z": -3095.421673507254,
    "axial": 885.0,
    "lateral": 500.0,
    "brain_region_id": 128,
    "brain_region": "MRN"
  },
  "channel_13": {
    "x": 1084.372720605209,
    "y": -3999.999999999999,
    "z": -3082.9409190921856,
    "axial": 900.0,
    "lateral": 500.0,
    "brain_region_id": 128,
    "brain_region": "MRN"
  },
  "channel_14": {
    "x": 1092.6932235485876,
    "y": -3999.999999999999,
    "z": -3070.460164677118,
    "axial": 915.0,
    "lateral": 500.0,
    "brain_region_id": 128,
    "brain_region": "MRN"
  },
  "channel_15": {
    "x": 1101.0137264919663,
    "y": -3999.999999999999,
    "z": -3057.9794102620504,
    "axial": 930.0,
    "lateral": 500.0,
    "brain_region_id": 128,
    "brain_region": "MRN"
  },
  "channel_16": {
    "x": 1109.334229435345,
    "y": -3999.999999999999,
    "z": -3045.4986558469823,
    "axial": 945.0,
    "lateral": 500.0,
    "brain_region_id": 128,
    "brain_region": "MRN"
  },
  "channel_17": {
    "x": 1119.4831525642117,
    "y": -3999.999999999999,
    "z": -3034.5168474357883,
    "axial": 960.0,
    "lateral": 500.0,
    "brain_region_id": 128,
    "brain_region": "MRN"
  },
  "channel_18": {
    "x": 1130.08975428201,
    "y": -3999.999999999999,
    "z": -3023.9102457179897,
    "axial": 975.0,
    "lateral": 500.0,
    "brain_region_id": 128,
    "brain_region": "MRN"
  },
  "channel_19": {
    "x": 1140.6963559998085,
    "y": -3999.999999999999,
    "z": -3013.303644000191,
    "axial": 990.0,
    "lateral": 500.0,
    "brain_region_id": 128,
    "brain_region": "MRN"
  },
  "channel_20": {
    "x": 1151.3029577176062,
    "y": -3999.999999999999,
    "z": -3002.6970422823933,
    "axial": 1005.0,
    "lateral": 500.0,
    "brain_region_id": 128,
    "brain_region": "MRN"
  },
  "channel_21": {
    "x": 1161.575255896635,
    "y": -3999.999999999999,
    "z": -2991.8494882067293,
    "axial": 1020.0,
    "lateral": 500.0,
    "brain_region_id": 128,
    "brain_region": "MRN"
  },
  "channel_22": {
    "x": 1168.2834598291347,
    "y": -3999.999999999999,
    "z": -2978.4330803417306,
    "axial": 1035.0,
    "lateral": 500.0,
    "brain_region_id": 128,
    "brain_region": "MRN"
  },
  "channel_23": {
    "x": 1174.9916637616338,
    "y": -3999.999999999999,
    "z": -2965.0166724767323,
    "axial": 1050.0,
    "lateral": 500.0,
    "brain_region_id": 128,
    "brain_region": "MRN"
  },
  "channel_24": {
    "x": 1181.6998676941334,
    "y": -3999.999999999999,
    "z": -2951.6002646117336,
    "axial": 1065.0,
    "lateral": 500.0,
    "brain_region_id": 128,
    "brain_region": "MRN"
  },
  "channel_25": {
    "x": 1188.9996919563387,
    "y": -4001.999794637558,
    "z": -2939.0004107248824,
    "axial": 1080.0,
    "lateral": 500.0,
    "brain_region_id": 128,
    "brain_region": "MRN"
  },
  "channel_26": {
    "x": 1197.3559821743056,
    "y": -4007.5706547828695,
    "z": -2927.8586904342596,
    "axial": 1095.0,
    "lateral": 500.0,
    "brain_region_id": 128,
    "brain_region": "MRN"
  },
  "channel_27": {
    "x": 1205.712272392273,
    "y": -4013.141514928181,
    "z": -2916.716970143636,
    "axial": 1110.0,
    "lateral": 500.0,
    "brain_region_id": 128,
    "brain_region": "MRN"
  },
  "channel_28": {
    "x": 1214.0685626102404,
    "y": -4018.7123750734927,
    "z": -2905.575249853013,
    "axial": 1125.0,
    "lateral": 500.0,
    "brain_region_id": 128,
    "brain_region": "MRN"
  },
  "channel_29": {
    "x": 1222.4248528282076,
    "y": -4024.283235218804,
    "z": -2894.43352956239,
    "axial": 1140.0,
    "lateral": 500.0,
    "brain_region_id": 128,
    "brain_region": "MRN"
  },
  "channel_30": {
    "x": 1230.781143046175,
    "y": -4029.8540953641154,
    "z": -2883.291809271767,
    "axial": 1155.0,
    "lateral": 500.0,
    "brain_region_id": 128,
    "brain_region": "MRN"
  },
  "channel_31": {
    "x": 1239.1374332641424,
    "y": -4035.424955509427,
    "z": -2872.1500889811437,
    "axial": 1170.0,
    "lateral": 500.0,
    "brain_region_id": 128,
    "brain_region": "MRN"
  },
  "channel_32": {
    "x": 1247.4937234821098,
    "y": -4040.9958156547386,
    "z": -2861.0083686905205,
    "axial": 1185.0,
    "lateral": 500.0,
    "brain_region_id": 128,
    "brain_region": "MRN"
  },
  "channel_33": {
    "x": 1255.850013700077,
    "y": -4046.5666758000502,
    "z": -2849.8666483998977,
    "axial": 1200.0,
    "lateral": 500.0,
    "brain_region_id": 128,
    "brain_region": "MRN"
  },
  "channel_34": {
    "x": 1265.069747191378,
    "y": -4049.999999999999,
    "z": -2838.930252808622,
    "axial": 1215.0,
    "lateral": 500.0,
    "brain_region_id": 128,
    "brain_region": "MRN"
  },
  "channel_35": {
    "x": 1275.6763489091763,
    "y": -4049.999999999999,
    "z": -2828.323651090823,
    "axial": 1230.0,
    "lateral": 500.0,
    "brain_region_id": 128,
    "brain_region": "MRN"
  },
  "channel_36": {
    "x": 1286.2829506269745,
    "y": -4049.999999999999,
    "z": -2817.717049373025,
    "axial": 1245.0,
    "lateral": 500.0,
    "brain_region_id": 128,
    "brain_region": "MRN"
  },
  "channel_37": {
    "x": 1296.8895523447725,
    "y": -4049.999999999999,
    "z": -2807.1104476552273,
    "axial": 1260.0,
    "lateral": 500.0,
    "brain_region_id": 128,
    "brain_region": "MRN"
  },
  "channel_38": {
    "x": 1307.4961540625707,
    "y": -4049.999999999999,
    "z": -2796.5038459374287,
    "axial": 1275.0,