{
  "channel_0": {
    "x": -439.00000000000017,
    "y": -3399.9999999999995,
    "z": -3514.5207383422335,
    "axial": 705.0,
    "lateral": 500.0,
    "brain_region_id": 128,
    "brain_region": "MRN"
  },
  "channel_1": {
    "x": -439.00000000000017,
    "y": -3399.9999999999995,
    "z": -3500.083398188781,
    "axial": 720.0,
    "lateral": 500.0,
    "brain_region_id": 128,
    "brain_region": "MRN"
  },
  "channel_2": {
    "x": -441.32552063890597,
    "y": -3399.9999999999995,
    "z": -3486.0234380832826,
    "axial": 735.0,
    "lateral": 500.0,
    "brain_region_id": 128,
    "brain_region": "MRN"
  },
  "channel_3": {
    "x": -445.8910084628573,
    "y": -3399.9999999999995,
    "z": -3472.3269746114283,
    "axial": 750.0,
    "lateral": 500.0,
    "brain_region_id": 128,
    "brain_region": "MRN"
  },
  "channel_4": {
    "x": -450.4564962868089,
    "y": -3399.9999999999995,
    "z": -3458.6305111395736,
    "axial": 765.0,
    "lateral": 500.0,
    "brain_region_id": 128,
    "brain_region": "MRN"
  },
  "channel_5": {
    "x": -455.02198411076034,
    "y": -3399.9999999999995,
    "z": -3444.934047667719,
    "axial": 780.0,
    "lateral": 500.0,
    "brain_region_id": 128,
    "brain_region": "MRN"
  },
  "channel_6": {
    "x": -459.587471934712,
    "y": -3399.9999999999995,
    "z": -3431.237584195864,
    "axial": 795.0,
    "lateral": 500.0,
    "brain_region_id": 128,
    "brain_region": "MRN"
  },
  "channel_7": {
    "x": -464.15295975866337,
    "y": -3399.9999999999995,
    "z": -3417.54112072401,
    "axial": 810.0,
    "lateral": 500.0,
    "brain_region_id": 128,
    "brain_region": "MRN"
  },
  "channel_8": {
    "x": -468.71844758261506,
    "y": -3399.9999999999995,
    "z": -3403.844657252155,
    "axial": 825.0,
    "lateral": 500.0,
    "brain_region_id": 128,
    "brain_region": "MRN"
  },
  "channel_9": {
    "x": -473.28393540656657,
    "y": -3399.9999999999995,
    "z": -3390.1481937803005,
    "axial": 840.0,
    "lateral": 500.0,
    "brain_region_id": 128,
    "brain_region": "MRN"
  },
  "channel_10": {
    "x": -477.8494232305179,
    "y": -3399.9999999999995,
    "z": -3376.451730308446,
    "axial": 855.0,
    "lateral": 500.0,
    "brain_region_id": 128,
    "brain_region": "MRN"
  },
  "channel_11": {
    "x": -482.4149110544694,
    "y": -3399.9999999999995,
    "z": -3362.755266836591,
    "axial": 870.0,
    "lateral": 500.0,
    "brain_region_id": 128,
    "brain_region": "MRN"
  },
  "channel_12": {
    "x": -486.9803988784211,
    "y": -3399.9999999999995,
    "z": -3349.0588033647364,
    "axial": 885.0,
    "lateral": 500.0,
    "brain_region_id": 128,
    "brain_region": "MRN"
  },
  "channel_13": {
    "x": -491.42740772716996,
    "y": -3397.5725922728293,
    "z": -3335.7177768184897,
    "axial": 900.0,
    "lateral": 500.0,
    "brain_region_id": 128,
    "brain_region": "MRN"
  },
  "channel_14": {
    "x": -495.7804295689641,
    "y": -3393.219570431035,
    "z": -3322.658711293107,
    "axial": 915.0,
    "lateral": 500.0,
    "brain_region_id": 128,
    "brain_region": "MRN"
  },
  "channel_15": {
    "x": -500.1334514107582,
    "y": -3388.866548589241,
    "z": -3309.5996457677247,
    "axial": 930.0,
    "lateral": 500.0,
    "brain_region_id": 128,
    "brain_region": "MRN"
  },
  "channel_16": {
    "x": -504.48647325255223,
    "y": -3384.5135267474475,
    "z": -3296.5405802423425,
    "axial": 945.0,
    "lateral": 500.0,
    "brain_region_id": 128,
    "brain_region": "MRN"
  },
  "channel_17": {
    "x": -508.83949509434615,
    "y": -3380.160504905654,
    "z": -3283.481514716961,
    "axial": 960.0,
    "lateral": 500.0,
    "brain_region_id": 128,
    "brain_region": "MRN"
  },
  "channel_18": {
    "x": -513.1925169361402,
    "y": -3375.8074830638598,
    "z": -3270.4224491915784,
    "axial": 975.0,
    "lateral": 500.0,
    "brain_region_id": 128,
    "brain_region": "MRN"
  },
  "channel_19": {
    "x": -519.2588838641713,
    "y": -3375.0000000000005,
    "z": -3257.482232271657,
    "axial": 990.0,
    "lateral": 500.0,
    "brain_region_id": 128,
    "brain_region": "MRN"
  },
  "channel_20": {
    "x": -525.7154586636528,
    "y": -3375.0000000000005,
    "z": -3244.569082672694,
    "axial": 1005.0,
    "lateral": 500.0,
    "brain_region_id": 128,
    "brain_region": "MRN"
  },
  "channel_21": {
    "x": -532.1720334631342,
    "y": -3375.0000000000005,
    "z": -3231.6559330737305,
    "axial": 1020.0,
    "lateral": 500.0,
    "brain_region_id": 128,
    "brain_region": "MRN"
  },
  "channel_22": {
    "x": -538.6286082626157,
    "y": -3375.0000000000005,
    "z": -3218.7427834747677,
    "axial": 1035.0,
    "lateral": 500.0,
    "brain_region_id": 128,
    "brain_region": "MRN"
  },
  "channel_23": {
    "x": -538.9999999999995,
    "y": -3375.0000000000005,
    "z": -3204.3931170176193,
    "axial": 1050.0,
    "lateral": 500.0,
    "brain_region_id": 128,
    "brain_region": "MRN"
  },
  "channel_24": {
    "x": -538.9999999999995,
    "y": -3375.0000000000005,
    "z": -3189.9557768641666,
    "axial": 1065.0,
    "lateral": 500.0,
    "brain_region_id": 128,
    "brain_region": "MRN"
  },
  "channel_25": {
    "x": -538.9999999999995,
    "y": -3375.0000000000005,
    "z": -3175.518436710714,
    "axial": 1080.0,
    "lateral": 500.0,
    "brain_region_id": 128,
    "brain_region": "MRN"
  },
  "channel_26": {
    "x": -538.9999999999995,
    "y": -3375.0000000000005,
    "z": -3161.0810965572614,
    "axial": 1095.0,
    "lateral": 500.0,
    "brain_region_id": 128,
    "brain_region": "MRN"
  },
  "channel_27": {
    "x": -538.9999999999995,
    "y": -3375.0000000000005,
    "z": -3146.6437564038088,
    "axial": 1110.0,
    "lateral": 500.0,
    "brain_region_id": 128,
    "brain_region": "MRN"
  },
  "channel_28": {
    "x": -543.8270373970076,
    "y": -3375.0000000000005,
    "z": -3133.3459252059833,
    "axial": 1125.0,
    "lateral": 500.0,
    "brain_region_id": 128,
    "brain_region": "MRN"
  },
  "channel_29": {
    "x": -550.2836121964892,
    "y": -3375.0000000000005,
    "z": -3120.4327756070206,
    "axial": 1140.0,
    "lateral": 500.0,
    "brain_region_id": 128,
    "brain_region": "MRN"
  },
  "channel_30": {
    "x": -556.7401869959706,
    "y": -3375.0000000000005,
    "z": -3107.5196260080575,
    "axial": 1155.0,
    "lateral": 500.0,
    "brain_region_id": 128,
    "brain_region": "MRN"
  },
  "channel_31": {
    "x": -563.1967617954521,
    "y": -3375.0000000000005,
    "z": -3094.6064764090947,
    "axial": 1170.0,
    "lateral": 500.0,
    "brain_region_id": 128,
    "brain_region": "MRN"
  },
  "channel_32": {
    "x": -569.6533365949338,
    "y": -3375.0000000000005,
    "z": -3081.6933268101316,
    "axial": 1185.0,
    "lateral": 500.0,
    "brain_region_id": 128,
    "brain_region": "MRN"
  },
  "channel_33": {
    "x": -576.1099113944151,
    "y": -3375.0000000000005,
    "z": -3068.780177211169,
    "axial": 1200.0,
    "lateral": 500.0,
    "brain_region_id": 128,
    "brain_region": "MRN"
  },
  "channel_34": {
    "x": -582.5664861938969,
    "y": -3375.0000000000005,
    "z": -3055.8670276122057,
    "axial": 1215.0,
    "lateral": 500.0,
    "brain_region_id": 128,
    "brain_region": "MRN"
  },
  "channel_35": {
    "x": -589.0230609933785,
    "y": -3375.0000000000005,
    "z": -3042.9538780132425,
    "axial": 1230.0,
    "lateral": 500.0,
    "brain_region_id": 128,
    "brain_region": "MRN"
  },
  "channel_36": {
    "x": -595.5232017613765,
    "y": -3375.0000000000005,
    "z": -3029.953596477247,
    "axial": 1245.0,
    "lateral": 500.0,
    "brain_region_id": 795,
    "brain_region": "PAG"
  },
  "channel_37": {
    "x": -602.2314056938759,
    "y": -3375.0000000000005,
    "z": -3016.537188612248,
    "axial": 1260.0,
    "lateral": 500.0,
    "brain_region_id": 795,
    "brain_region": "PAG"
  },
  "channel_38": {
    "x": -608.9396096263752,
    "y": -3375.0000000000005,