{
  "channel_0": {
    "x": -1263.9999999999995,
    "y": -3585.865939989645,
    "z": -3031.0307899637596,
    "axial": 705.0,
    "lateral": 500.0,
    "brain_region_id": 128,
    "brain_region": "MRN"
  },
  "channel_1": {
    "x": -1263.9999999999995,
    "y": -3581.745123071184,
    "z": -3016.6079307491473,
    "axial": 720.0,
    "lateral": 500.0,
    "brain_region_id": 128,
    "brain_region": "MRN"
  },
  "channel_2": {
    "x": -1263.9999999999995,
    "y": -3577.6243061527234,
    "z": -3002.1850715345354,
    "axial": 735.0,
    "lateral": 500.0,
    "brain_region_id": 128,
    "brain_region": "MRN"
  },
  "channel_3": {
    "x": -1266.436143027555,
    "y": -3574.999999999999,
    "z": -2988.127713944889,
    "axial": 750.0,
    "lateral": 500.0,
    "brain_region_id": 128,
    "brain_region": "MRN"
  },
  "channel_4": {
    "x": -1273.1443469600547,
    "y": -3574.999999999999,
    "z": -2974.71130607989,
    "axial": 765.0,
    "lateral": 500.0,
    "brain_region_id": 128,
    "brain_region": "MRN"
  },
  "channel_5": {
    "x": -1279.852550892554,
    "y": -3574.999999999999,
    "z": -2961.294898214891,
    "axial": 780.0,
    "lateral": 500.0,
    "brain_region_id": 128,
    "brain_region": "MRN"
  },
  "channel_6": {
    "x": -1286.5607548250532,
    "y": -3574.999999999999,
    "z": -2947.878490349893,
    "axial": 795.0,
    "lateral": 500.0,
    "brain_region_id": 128,
    "brain_region": "MRN"
  },
  "channel_7": {
    "x": -1293.2689587575528,
    "y": -3574.999999999999,
    "z": -2934.462082484894,
    "axial": 810.0,
    "lateral": 500.0,
    "brain_region_id": 128,
    "brain_region": "MRN"
  },
  "channel_8": {
    "x": -1299.9771626900524,
    "y": -3574.999999999999,
    "z": -2921.045674619895,
    "axial": 825.0,
    "lateral": 500.0,
    "brain_region_id": 128,
    "brain_region": "MRN"
  },
  "channel_9": {
    "x": -1306.6853666225518,
    "y": -3574.999999999999,
    "z": -2907.629266754896,
    "axial": 840.0,
    "lateral": 500.0,
    "brain_region_id": 128,
    "brain_region": "MRN"
  },
  "channel_10": {
    "x": -1313.393570555051,
    "y": -3574.999999999999,
    "z": -2894.212858889898,
    "axial": 855.0,
    "lateral": 500.0,
    "brain_region_id": 128,
    "brain_region": "MRN"
  },
  "channel_11": {
    "x": -1315.6425424772688,
    "y": -3571.714915045462,
    "z": -2879.8596601818504,
    "axial": 870.0,
    "lateral": 500.0,
    "brain_region_id": 128,
    "brain_region": "MRN"
  },
  "channel_12": {
    "x": -1317.4483302735553,
    "y": -3568.103339452889,
    "z": -2865.413357811558,
    "axial": 885.0,
    "lateral": 500.0,
    "brain_region_id": 128,
    "brain_region": "MRN"
  },
  "channel_13": {
    "x": -1319.2541180698415,
    "y": -3564.491763860316,
    "z": -2850.9670554412664,
    "axial": 900.0,
    "lateral": 500.0,
    "brain_region_id": 313,
    "brain_region": "MB"
  },
  "channel_14": {
    "x": -1321.0599058661282,
    "y": -3560.8801882677426,
    "z": -2836.5207530709736,
    "axial": 915.0,
    "lateral": 500.0,
    "brain_region_id": 313,
    "brain_region": "MB"
  },
  "channel_15": {
    "x": -1322.865693662415,
    "y": -3557.2686126751696,
    "z": -2822.074450700681,
    "axial": 930.0,
    "lateral": 500.0,
    "brain_region_id": 313,
    "brain_region": "MB"
  },
  "channel_16": {
    "x": -1324.6714814587015,
    "y": -3553.6570370825966,
    "z": -2807.6281483303896,
    "axial": 945.0,
    "lateral": 500.0,
    "brain_region_id": 313,
    "brain_region": "MB"
  },
  "channel_17": {
    "x": -1326.4772692549877,
    "y": -3550.0454614900236,
    "z": -2793.1818459600972,
    "axial": 960.0,
    "lateral": 500.0,
    "brain_region_id": 26,
    "brain_region": "SCdg"
  },
  "channel_18": {
    "x": -1328.2830570512745,
    "y": -3546.43388589745,
    "z": -2778.7355435898044,
    "axial": 975.0,
    "lateral": 500.0,
    "brain_region_id": 26,
    "brain_region": "SCdg"
  },
  "channel_19": {
    "x": -1330.088844847561,
    "y": -3542.8223103048776,
    "z": -2764.289241219513,
    "axial": 990.0,
    "lateral": 500.0,
    "brain_region_id": 26,
    "brain_region": "SCdg"
  },
  "channel_20": {
    "x": -1331.8946326438474,
    "y": -3539.2107347123047,
    "z": -2749.8429388492204,
    "axial": 1005.0,
    "lateral": 500.0,
    "brain_region_id": 26,
    "brain_region": "SCdg"
  },
  "channel_21": {
    "x": -1333.700420440134,
    "y": -3535.599159119731,
    "z": -2735.3966364789276,
    "axial": 1020.0,
    "lateral": 500.0,
    "brain_region_id": 26,
    "brain_region": "SCdg"
  },
  "channel_22": {
    "x": -1335.5062082364204,
    "y": -3531.987583527158,
    "z": -2720.950334108636,
    "axial": 1035.0,
    "lateral": 500.0,
    "brain_region_id": 26,
    "brain_region": "SCdg"
  },
  "channel_23": {
    "x": -1337.311996032707,
    "y": -3528.3760079345852,
    "z": -2706.5040317383437,
    "axial": 1050.0,
    "lateral": 500.0,
    "brain_region_id": 26,
    "brain_region": "SCdg"
  },
  "channel_24": {
    "x": -1339.0,
    "y": -3524.9999999999995,
    "z": -2692.0216140354155,
    "axial": 1065.0,
    "lateral": 500.0,
    "brain_region_id": 26,
    "brain_region": "SCdg"
  },
  "channel_25": {
    "x": -1339.0,
    "y": -3524.9999999999995,
    "z": -2677.0216140354155,
    "axial": 1080.0,
    "lateral": 500.0,
    "brain_region_id": 17,
    "brain_region": "SCiw"
  },
  "channel_26": {
    "x": -1339.0,
    "y": -3524.9999999999995,
    "z": -2662.021614035415,
    "axial": 1095.0,
    "lateral": 500.0,
    "brain_region_id": 17,
    "brain_region": "SCiw"
  },
  "channel_27": {
    "x": -1339.0,
    "y": -3524.9999999999995,
    "z": -2647.0216140354155,
    "axial": 1110.0,
    "lateral": 500.0,
    "brain_region_id": 17,
    "brain_region": "SCiw"
  },
  "channel_28": {
    "x": -1339.0,
    "y": -3524.9999999999995,
    "z": -2632.0216140354155,
    "axial": 1125.0,
    "lateral": 500.0,
    "brain_region_id": 17,
    "brain_region": "SCiw"
  },
  "channel_29": {
    "x": -1339.0,
    "y": -3524.9999999999995,
    "z": -2617.021614035415,
    "axial": 1140.0,
    "lateral": 500.0,
    "brain_region_id": 17,
    "brain_region": "SCiw"
  },
  "channel_30": {
    "x": -1339.0,
    "y": -3524.9999999999995,
    "z": -2602.021614035416,
    "axial": 1155.0,
    "lateral": 500.0,
    "brain_region_id": 17,
    "brain_region": "SCiw"
  },
  "channel_31": {
    "x": -1339.0,
    "y": -3524.9999999999995,
    "z": -2587.0216140354155,
    "axial": 1170.0,
    "lateral": 500.0,
    "brain_region_id": 17,
    "brain_region": "SCiw"
  },
  "channel_32": {
    "x": -1339.0,
    "y": -3524.9999999999995,
    "z": -2572.021614035415,
    "axial": 1185.0,
    "lateral": 500.0,
    "brain_region_id": 17,
    "brain_region": "SCiw"
  },
  "channel_33": {
    "x": -1339.0,
    "y": -3524.9999999999995,
    "z": -2557.021614035416,
    "axial": 1200.0,
    "lateral": 500.0,
    "brain_region_id": 17,
    "brain_region": "SCiw"
  },
  "channel_34": {
    "x": -1339.0,
    "y": -3524.6366365748772,
    "z": -2542.091591437194,
    "axial": 1215.0,
    "lateral": 500.0,
    "brain_region_id": 17,
    "brain_region": "SCiw"
  },
  "channel_35": {
    "x": -1339.0,
    "y": -3519.0657764295656,
    "z": -2528.164441073915,
    "axial": 1230.0,
    "lateral": 500.0,
    "brain_region_id": 17,
    "brain_region": "SCiw"
  },
  "channel_36": {
    "x": -1339.0,
    "y": -3513.494916284254,
    "z": -2514.2372907106364,
    "axial": 1245.0,
    "lateral": 500.0,
    "brain_region_id": 17,
    "brain_region": "SCiw"
  },
  "channel_37": {
    "x": -1339.0,
    "y": -3507.9240561389424,
    "z": -2500.3101403473574,
    "axial": 1260.0,
    "lateral": 500.0,
    "brain_region_id": 17,
    "brain_region": "SCiw"
  },
  "channel_38": {
    "x": -1339.0,
    "y": -3502.353195993631,
    "z": -2486.3829899840784,
    "axial": 1275.0,
    "lateral": 500.0,
    "brain_region_id": 17,
    "brain_region": "SCiw"
  },
  "channel_39": {
    "x": -1339.0,
    "y": -3496.7823358483197,