{
  "channel_0": {
    "x": 574.4602325842158,
    "y": -2049.9999999999995,
    "z": -3785.309651123676,
    "axial": 705.0,
    "lateral": 250.0,
    "brain_region_id": 930,
    "brain_region": "PF"
  },
  "channel_1": {
    "x": 582.780735527594,
    "y": -2049.9999999999995,
    "z": -3772.828896708608,
    "axial": 720.0,
    "lateral": 250.0,
    "brain_region_id": 930,
    "brain_region": "PF"
  },
  "channel_2": {
    "x": 585.9999999999997,
    "y": -2049.9999999999995,
    "z": -3758.8036115622685,
    "axial": 735.0,
    "lateral": 250.0,
    "brain_region_id": 930,
    "brain_region": "PF"
  },
  "channel_3": {
    "x": 585.9999999999997,
    "y": -2049.9999999999995,
    "z": -3743.8036115622685,
    "axial": 750.0,
    "lateral": 250.0,
    "brain_region_id": 930,
    "brain_region": "PF"
  },
  "channel_4": {
    "x": 585.9999999999997,
    "y": -2049.9999999999995,
    "z": -3728.803611562269,
    "axial": 765.0,
    "lateral": 250.0,
    "brain_region_id": 930,
    "brain_region": "PF"
  },
  "channel_5": {
    "x": 585.9999999999997,
    "y": -2049.9999999999995,
    "z": -3713.8036115622685,
    "axial": 780.0,
    "lateral": 250.0,
    "brain_region_id": 930,
    "brain_region": "PF"
  },
  "channel_6": {
    "x": 585.9999999999997,
    "y": -2049.9999999999995,
    "z": -3698.8036115622685,
    "axial": 795.0,
    "lateral": 250.0,
    "brain_region_id": 930,
    "brain_region": "PF"
  },
  "channel_7": {
    "x": 588.2304518178216,
    "y": -2049.9999999999995,
    "z": -3684.0781927287117,
    "axial": 810.0,
    "lateral": 250.0,
    "brain_region_id": 930,
    "brain_region": "PF"
  },
  "channel_8": {
    "x": 591.8684861933668,
    "y": -2049.9999999999995,
    "z": -3669.5260552265318,
    "axial": 825.0,
    "lateral": 250.0,
    "brain_region_id": 930,
    "brain_region": "PF"
  },
  "channel_9": {
    "x": 595.506520568912,
    "y": -2049.9999999999995,
    "z": -3654.9739177243514,
    "axial": 840.0,
    "lateral": 250.0,
    "brain_region_id": 930,
    "brain_region": "PF"
  },
  "channel_10": {
    "x": 599.144554944457,
    "y": -2049.9999999999995,
    "z": -3640.4217802221715,
    "axial": 855.0,
    "lateral": 250.0,
    "brain_region_id": 930,
    "brain_region": "PF"
  },
  "channel_11": {
    "x": 602.7825893200021,
    "y": -2049.9999999999995,
    "z": -3625.869642719992,
    "axial": 870.0,
    "lateral": 250.0,
    "brain_region_id": 930,
    "brain_region": "PF"
  },
  "channel_12": {
    "x": 606.4206236955473,
    "y": -2049.9999999999995,
    "z": -3611.3175052178117,
    "axial": 885.0,
    "lateral": 250.0,
    "brain_region_id": 930,
    "brain_region": "PF"
  },
  "channel_13": {
    "x": 610.0586580710924,
    "y": -2049.9999999999995,
    "z": -3596.765367715632,
    "axial": 900.0,
    "lateral": 250.0,
    "brain_region_id": 930,
    "brain_region": "PF"
  },
  "channel_14": {
    "x": 616.6382342048798,
    "y": -2048.120588598373,
    "z": -3583.602942991867,
    "axial": 915.0,
    "lateral": 250.0,
    "brain_region_id": 930,
    "brain_region": "PF"
  },
  "channel_15": {
    "x": 624.2446224974367,
    "y": -2045.5851258341877,
    "z": -3570.9256291709394,
    "axial": 930.0,
    "lateral": 250.0,
    "brain_region_id": 930,
    "brain_region": "PF"
  },
  "channel_16": {
    "x": 631.8510107899933,
    "y": -2043.049663070002,
    "z": -3558.248315350011,
    "axial": 945.0,
    "lateral": 250.0,
    "brain_region_id": 930,
    "brain_region": "PF"
  },
  "channel_17": {
    "x": 639.4573990825498,
    "y": -2040.5142003058165,
    "z": -3545.571001529084,
    "axial": 960.0,
    "lateral": 250.0,
    "brain_region_id": 930,
    "brain_region": "PF"
  },
  "channel_18": {
    "x": 647.0637873751064,
    "y": -2037.9787375416313,
    "z": -3532.893687708156,
    "axial": 975.0,
    "lateral": 250.0,
    "brain_region_id": 930,
    "brain_region": "PF"
  },
  "channel_19": {
    "x": 654.6701756676631,
    "y": -2035.4432747774456,
    "z": -3520.216373887228,
    "axial": 990.0,
    "lateral": 250.0,
    "brain_region_id": 930,
    "brain_region": "PF"
  },
  "channel_20": {
    "x": 662.2765639602196,
    "y": -2032.9078120132601,
    "z": -3507.5390600663004,
    "axial": 1005.0,
    "lateral": 250.0,
    "brain_region_id": 930,
    "brain_region": "PF"
  },
  "channel_21": {
    "x": 669.8829522527761,
    "y": -2030.3723492490744,
    "z": -3494.861746245373,
    "axial": 1020.0,
    "lateral": 250.0,
    "brain_region_id": 930,
    "brain_region": "PF"
  },
  "channel_22": {
    "x": 677.4893405453329,
    "y": -2027.8368864848887,
    "z": -3482.184432424445,
    "axial": 1035.0,
    "lateral": 250.0,
    "brain_region_id": 930,
    "brain_region": "PF"
  },
  "channel_23": {
    "x": 685.0957288378894,
    "y": -2025.3014237207033,
    "z": -3469.5071186035175,
    "axial": 1050.0,
    "lateral": 250.0,
    "brain_region_id": 930,
    "brain_region": "PF"
  },
  "channel_24": {
    "x": 686.0,
    "y": -2025.0,
    "z": -3454.783246780201,
    "axial": 1065.0,
    "lateral": 250.0,
    "brain_region_id": 930,
    "brain_region": "PF"
  },
  "channel_25": {
    "x": 686.0,
    "y": -2025.0,
    "z": -3439.7832467802004,
    "axial": 1080.0,
    "lateral": 250.0,
    "brain_region_id": 930,
    "brain_region": "PF"
  },
  "channel_26": {
    "x": 686.0,
    "y": -2025.0,
    "z": -3424.7832467802004,
    "axial": 1095.0,
    "lateral": 250.0,
    "brain_region_id": 930,
    "brain_region": "PF"
  },
  "channel_27": {
    "x": 686.0,
    "y": -2025.0,
    "z": -3409.7832467802004,
    "axial": 1110.0,
    "lateral": 250.0,
    "brain_region_id": 930,
    "brain_region": "PF"
  },
  "channel_28": {
    "x": 686.0,
    "y": -2025.0,
    "z": -3394.7832467802004,
    "axial": 1125.0,
    "lateral": 250.0,
    "brain_region_id": 930,
    "brain_region": "PF"
  },
  "channel_29": {
    "x": 686.0,
    "y": -2025.0,
    "z": -3379.7832467802004,
    "axial": 1140.0,
    "lateral": 250.0,
    "brain_region_id": 930,
    "brain_region": "PF"
  },
  "channel_30": {
    "x": 686.0,
    "y": -2025.0,
    "z": -3364.7832467802004,
    "axial": 1155.0,
    "lateral": 250.0,
    "brain_region_id": 930,
    "brain_region": "PF"
  },
  "channel_31": {
    "x": 686.0,
    "y": -2025.0,
    "z": -3349.783246780201,
    "axial": 1170.0,
    "lateral": 250.0,
    "brain_region_id": 930,
    "brain_region": "PF"
  },
  "channel_32": {
    "x": 686.0,
    "y": -2025.0,
    "z": -3334.7832467802004,
    "axial": 1185.0,
    "lateral": 250.0,
    "brain_region_id": 930,
    "brain_region": "PF"
  },
  "channel_33": {
    "x": 686.0,
    "y": -2025.0,
    "z": -3319.7832467802004,
    "axial": 1200.0,
    "lateral": 250.0,
    "brain_region_id": 930,
    "brain_region": "PF"
  },
  "channel_34": {
    "x": 686.0,
    "y": -2025.0,
    "z": -3304.783246780201,
    "axial": 1215.0,
    "lateral": 250.0,
    "brain_region_id": 930,
    "brain_region": "PF"
  },
  "channel_35": {
    "x": 686.0,
    "y": -2025.0,
    "z": -3289.7832467802004,
    "axial": 1230.0,
    "lateral": 250.0,
    "brain_region_id": 930,
    "brain_region": "PF"
  },
  "channel_36": {
    "x": 686.0,
    "y": -2025.0,
    "z": -3274.7832467802004,
    "axial": 1245.0,
    "lateral": 250.0,
    "brain_region_id": 930,
    "brain_region": "PF"
  },
  "channel_37": {
    "x": 689.0003340586251,
    "y": -2023.4998329706875,
    "z": -3260.4991648534374,
    "axial": 1260.0,
    "lateral": 250.0,
    "brain_region_id": 930,
    "brain_region": "PF"
  },
  "channel_38": {
    "x": 694.4775596336766,
    "y": -2020.7612201831614,
    "z": -3246.8061009158087,
    "axial": 1275.0,
    "lateral": 250.0,
    "brain_region_id": 930,
    "brain_region": "PF"
  },
  "channel_39": {
    "x": 699.9547852087284,
    "y": -2018.022607395636,
    "z": -3233.1130369781795,
    "axial": 1290.0,
    "lateral": 250.0,
    "brain_region_id": 930,
    "brain_region": "PF"
  },
  "channel_40": {
    "x": 705.4320107837802,
    "y": -2015.2839946081099,